0,/mnt/HyperStorage_ntfs/Coding/Autonomous/model/data/bdd100k/train/00755,0
1,/mnt/HyperStorage_ntfs/Coding/Autonomous/model/data/bdd100k/train/00021,1
2,/mnt/HyperStorage_ntfs/Coding/Autonomous/model/data/bdd100k/train/00500,2
3,/mnt/HyperStorage_ntfs/Coding/Autonomous/model/data/bdd100k/train/01368,3
4,/mnt/HyperStorage_ntfs/Coding/Autonomous/model/data/bdd100k/train/00245,4
5,/mnt/HyperStorage_ntfs/Coding/Autonomous/model/data/bdd100k/train/00179,5
6,/mnt/HyperStorage_ntfs/Coding/Autonomous/model/data/bdd100k/train/00495,6
7,/mnt/HyperStorage_ntfs/Coding/Autonomous/model/data/bdd100k/train/01254,7
8,/mnt/HyperStorage_ntfs/Coding/Autonomous/model/data/bdd100k/train/00997,8
9,/mnt/HyperStorage_ntfs/Coding/Autonomous/model/data/bdd100k/train/00582,9
10,/mnt/HyperStorage_ntfs/Coding/Autonomous/model/data/bdd100k/train/00320,10
11,/mnt/HyperStorage_ntfs/Coding/Autonomous/model/data/bdd100k/train/01362,11
12,/mnt/HyperStorage_ntfs/Coding/Autonomous/model/data/bdd100k/train/00326,12
13,/mnt/HyperStorage_ntfs/Coding/Autonomous/model/data/bdd100k/train/01061,13
14,/mnt/HyperStorage_ntfs/Coding/Autonomous/model/data/bdd100k/train/01150,14
15,/mnt/HyperStorage_ntfs/Coding/Autonomous/model/data/bdd100k/train/00791,15
16,/mnt/HyperStorage_ntfs/Coding/Autonomous/model/data/bdd100k/train/00882,16
17,/mnt/HyperStorage_ntfs/Coding/Autonomous/model/data/bdd100k/train/00868,17
18,/mnt/HyperStorage_ntfs/Coding/Autonomous/model/data/bdd100k/train/00422,18
19,/mnt/HyperStorage_ntfs/Coding/Autonomous/model/data/bdd100k/train/00734,19
20,/mnt/HyperStorage_ntfs/Coding/Autonomous/model/data/bdd100k/train/01236,20
21,/mnt/HyperStorage_ntfs/Coding/Autonomous/model/data/bdd100k/train/01036,21
22,/mnt/HyperStorage_ntfs/Coding/Autonomous/model/data/bdd100k/train/00699,22
23,/mnt/HyperStorage_ntfs/Coding/Autonomous/model/data/bdd100k/train/01284,23
24,/mnt/HyperStorage_ntfs/Coding/Autonomous/model/data/bdd100k/train/00822,24
25,/mnt/HyperStorage_ntfs/Coding/Autonomous/model/data/bdd100k/train/00839,25
26,/mnt/HyperStorage_ntfs/Coding/Autonomous/model/data/bdd100k/train/00969,26
27,/mnt/HyperStorage_ntfs/Coding/Autonomous/model/data/bdd100k/train/00020,27
28,/mnt/HyperStorage_ntfs/Coding/Autonomous/model/data/bdd100k/train/00146,28
29,/mnt/HyperStorage_ntfs/Coding/Autonomous/model/data/bdd100k/train/00172,29
30,/mnt/HyperStorage_ntfs/Coding/Autonomous/model/data/bdd100k/train/00504,30
31,/mnt/HyperStorage_ntfs/Coding/Autonomous/model/data/bdd100k/train/00951,31
32,/mnt/HyperStorage_ntfs/Coding/Autonomous/model/data/bdd100k/train/00613,32
33,/mnt/HyperStorage_ntfs/Coding/Autonomous/model/data/bdd100k/train/01321,33
34,/mnt/HyperStorage_ntfs/Coding/Autonomous/model/data/bdd100k/train/01088,34
35,/mnt/HyperStorage_ntfs/Coding/Autonomous/model/data/bdd100k/train/01301,35
36,/mnt/HyperStorage_ntfs/Coding/Autonomous/model/data/bdd100k/train/01299,36
37,/mnt/HyperStorage_ntfs/Coding/Autonomous/model/data/bdd100k/train/00717,37
38,/mnt/HyperStorage_ntfs/Coding/Autonomous/model/data/bdd100k/train/00197,38
39,/mnt/HyperStorage_ntfs/Coding/Autonomous/model/data/bdd100k/train/00729,39
40,/mnt/HyperStorage_ntfs/Coding/Autonomous/model/data/bdd100k/train/00161,40
41,/mnt/HyperStorage_ntfs/Coding/Autonomous/model/data/bdd100k/train/01231,41
42,/mnt/HyperStorage_ntfs/Coding/Autonomous/model/data/bdd100k/train/00127,42
43,/mnt/HyperStorage_ntfs/Coding/Autonomous/model/data/bdd100k/train/00153,43
44,/mnt/HyperStorage_ntfs/Coding/Autonomous/model/data/bdd100k/train/01173,44
45,/mnt/HyperStorage_ntfs/Coding/Autonomous/model/data/bdd100k/train/00548,45
46,/mnt/HyperStorage_ntfs/Coding/Autonomous/model/data/bdd100k/train/00083,46
47,/mnt/HyperStorage_ntfs/Coding/Autonomous/model/data/bdd100k/train/00384,47
48,/mnt/HyperStorage_ntfs/Coding/Autonomous/model/data/bdd100k/train/01070,48
49,/mnt/HyperStorage_ntfs/Coding/Autonomous/model/data/bdd100k/train/00922,49
50,/mnt/HyperStorage_ntfs/Coding/Autonomous/model/data/bdd100k/train/00406,50
51,/mnt/HyperStorage_ntfs/Coding/Autonomous/model/data/bdd100k/train/01019,51
52,/mnt/HyperStorage_ntfs/Coding/Autonomous/model/data/bdd100k/train/01124,52
53,/mnt/HyperStorage_ntfs/Coding/Autonomous/model/data/bdd100k/train/01170,53
54,/mnt/HyperStorage_ntfs/Coding/Autonomous/model/data/bdd100k/train/01153,54
55,/mnt/HyperStorage_ntfs/Coding/Autonomous/model/data/bdd100k/train/00191,55
56,/mnt/HyperStorage_ntfs/Coding/Autonomous/model/data/bdd100k/train/01279,56
57,/mnt/HyperStorage_ntfs/Coding/Autonomous/model/data/bdd100k/train/00502,57
58,/mnt/HyperStorage_ntfs/Coding/Autonomous/model/data/bdd100k/train/01206,58
59,/mnt/HyperStorage_ntfs/Coding/Autonomous/model/data/bdd100k/train/01304,59
60,/mnt/HyperStorage_ntfs/Coding/Autonomous/model/data/bdd100k/train/01386,60
61,/mnt/HyperStorage_ntfs/Coding/Autonomous/model/data/bdd100k/train/00261,61
62,/mnt/HyperStorage_ntfs/Coding/Autonomous/model/data/bdd100k/train/00423,62
63,/mnt/HyperStorage_ntfs/Coding/Autonomous/model/data/bdd100k/train/00419,63
64,/mnt/HyperStorage_ntfs/Coding/Autonomous/model/data/bdd100k/train/00982,64
65,/mnt/HyperStorage_ntfs/Coding/Autonomous/model/data/bdd100k/train/00921,65
66,/mnt/HyperStorage_ntfs/Coding/Autonomous/model/data/bdd100k/train/01381,66
67,/mnt/HyperStorage_ntfs/Coding/Autonomous/model/data/bdd100k/train/00363,67
68,/mnt/HyperStorage_ntfs/Coding/Autonomous/model/data/bdd100k/train/00978,68
69,/mnt/HyperStorage_ntfs/Coding/Autonomous/model/data/bdd100k/train/01219,69
70,/mnt/HyperStorage_ntfs/Coding/Autonomous/model/data/bdd100k/train/00643,70
71,/mnt/HyperStorage_ntfs/Coding/Autonomous/model/data/bdd100k/train/01188,71
72,/mnt/HyperStorage_ntfs/Coding/Autonomous/model/data/bdd100k/train/00569,72
73,/mnt/HyperStorage_ntfs/Coding/Autonomous/model/data/bdd100k/train/00297,73
74,/mnt/HyperStorage_ntfs/Coding/Autonomous/model/data/bdd100k/train/01388,74
75,/mnt/HyperStorage_ntfs/Coding/Autonomous/model/data/bdd100k/train/01071,75
76,/mnt/HyperStorage_ntfs/Coding/Autonomous/model/data/bdd100k/train/00668,76
77,/mnt/HyperStorage_ntfs/Coding/Autonomous/model/data/bdd100k/train/00265,77
78,/mnt/HyperStorage_ntfs/Coding/Autonomous/model/data/bdd100k/train/01103,78
79,/mnt/HyperStorage_ntfs/Coding/Autonomous/model/data/bdd100k/train/00685,79
80,/mnt/HyperStorage_ntfs/Coding/Autonomous/model/data/bdd100k/train/00578,80
81,/mnt/HyperStorage_ntfs/Coding/Autonomous/model/data/bdd100k/train/00617,81
82,/mnt/HyperStorage_ntfs/Coding/Autonomous/model/data/bdd100k/train/01366,82
83,/mnt/HyperStorage_ntfs/Coding/Autonomous/model/data/bdd100k/train/00147,83
84,/mnt/HyperStorage_ntfs/Coding/Autonomous/model/data/bdd100k/train/00281,84
85,/mnt/HyperStorage_ntfs/Coding/Autonomous/model/data/bdd100k/train/00234,85
86,/mnt/HyperStorage_ntfs/Coding/Autonomous/model/data/bdd100k/train/00984,86
87,/mnt/HyperStorage_ntfs/Coding/Autonomous/model/data/bdd100k/train/00588,87
88,/mnt/HyperStorage_ntfs/Coding/Autonomous/model/data/bdd100k/train/00787,88
89,/mnt/HyperStorage_ntfs/Coding/Autonomous/model/data/bdd100k/train/00715,89
90,/mnt/HyperStorage_ntfs/Coding/Autonomous/model/data/bdd100k/train/01020,90
91,/mnt/HyperStorage_ntfs/Coding/Autonomous/model/data/bdd100k/train/00620,91
92,/mnt/HyperStorage_ntfs/Coding/Autonomous/model/data/bdd100k/train/00062,92
93,/mnt/HyperStorage_ntfs/Coding/Autonomous/model/data/bdd100k/train/00846,93
94,/mnt/HyperStorage_ntfs/Coding/Autonomous/model/data/bdd100k/train/00051,94
95,/mnt/HyperStorage_ntfs/Coding/Autonomous/model/data/bdd100k/train/00070,95
96,/mnt/HyperStorage_ntfs/Coding/Autonomous/model/data/bdd100k/train/00400,96
97,/mnt/HyperStorage_ntfs/Coding/Autonomous/model/data/bdd100k/train/00610,97
98,/mnt/HyperStorage_ntfs/Coding/Autonomous/model/data/bdd100k/train/00344,98
99,/mnt/HyperStorage_ntfs/Coding/Autonomous/model/data/bdd100k/train/00390,99
100,/mnt/HyperStorage_ntfs/Coding/Autonomous/model/data/bdd100k/train/00204,100
101,/mnt/HyperStorage_ntfs/Coding/Autonomous/model/data/bdd100k/train/01346,101
102,/mnt/HyperStorage_ntfs/Coding/Autonomous/model/data/bdd100k/train/00564,102
103,/mnt/HyperStorage_ntfs/Coding/Autonomous/model/data/bdd100k/train/00061,103
104,/mnt/HyperStorage_ntfs/Coding/Autonomous/model/data/bdd100k/train/00880,104
105,/mnt/HyperStorage_ntfs/Coding/Autonomous/model/data/bdd100k/train/01225,105
106,/mnt/HyperStorage_ntfs/Coding/Autonomous/model/data/bdd100k/train/01084,106
107,/mnt/HyperStorage_ntfs/Coding/Autonomous/model/data/bdd100k/train/00401,107
108,/mnt/HyperStorage_ntfs/Coding/Autonomous/model/data/bdd100k/train/00268,108
109,/mnt/HyperStorage_ntfs/Coding/Autonomous/model/data/bdd100k/train/01052,109
110,/mnt/HyperStorage_ntfs/Coding/Autonomous/model/data/bdd100k/train/00771,110
111,/mnt/HyperStorage_ntfs/Coding/Autonomous/model/data/bdd100k/train/00174,111
112,/mnt/HyperStorage_ntfs/Coding/Autonomous/model/data/bdd100k/train/01240,112
113,/mnt/HyperStorage_ntfs/Coding/Autonomous/model/data/bdd100k/train/00155,113
114,/mnt/HyperStorage_ntfs/Coding/Autonomous/model/data/bdd100k/train/01135,114
115,/mnt/HyperStorage_ntfs/Coding/Autonomous/model/data/bdd100k/train/00487,115
116,/mnt/HyperStorage_ntfs/Coding/Autonomous/model/data/bdd100k/train/00568,116
117,/mnt/HyperStorage_ntfs/Coding/Autonomous/model/data/bdd100k/train/01190,117
118,/mnt/HyperStorage_ntfs/Coding/Autonomous/model/data/bdd100k/train/00066,118
119,/mnt/HyperStorage_ntfs/Coding/Autonomous/model/data/bdd100k/train/00974,119
120,/mnt/HyperStorage_ntfs/Coding/Autonomous/model/data/bdd100k/train/00484,120
121,/mnt/HyperStorage_ntfs/Coding/Autonomous/model/data/bdd100k/train/00387,121
122,/mnt/HyperStorage_ntfs/Coding/Autonomous/model/data/bdd100k/train/01181,122
123,/mnt/HyperStorage_ntfs/Coding/Autonomous/model/data/bdd100k/train/00821,123
124,/mnt/HyperStorage_ntfs/Coding/Autonomous/model/data/bdd100k/train/00702,124
125,/mnt/HyperStorage_ntfs/Coding/Autonomous/model/data/bdd100k/train/00803,125
126,/mnt/HyperStorage_ntfs/Coding/Autonomous/model/data/bdd100k/train/00076,126
127,/mnt/HyperStorage_ntfs/Coding/Autonomous/model/data/bdd100k/train/00924,127
128,/mnt/HyperStorage_ntfs/Coding/Autonomous/model/data/bdd100k/train/01027,128
129,/mnt/HyperStorage_ntfs/Coding/Autonomous/model/data/bdd100k/train/01032,129
130,/mnt/HyperStorage_ntfs/Coding/Autonomous/model/data/bdd100k/train/00031,130
131,/mnt/HyperStorage_ntfs/Coding/Autonomous/model/data/bdd100k/train/00473,131
132,/mnt/HyperStorage_ntfs/Coding/Autonomous/model/data/bdd100k/train/00303,132
133,/mnt/HyperStorage_ntfs/Coding/Autonomous/model/data/bdd100k/train/01212,133
134,/mnt/HyperStorage_ntfs/Coding/Autonomous/model/data/bdd100k/train/00946,134
135,/mnt/HyperStorage_ntfs/Coding/Autonomous/model/data/bdd100k/train/00032,135
136,/mnt/HyperStorage_ntfs/Coding/Autonomous/model/data/bdd100k/train/00590,136
137,/mnt/HyperStorage_ntfs/Coding/Autonomous/model/data/bdd100k/train/00029,137
138,/mnt/HyperStorage_ntfs/Coding/Autonomous/model/data/bdd100k/train/00782,138
139,/mnt/HyperStorage_ntfs/Coding/Autonomous/model/data/bdd100k/train/00451,139
140,/mnt/HyperStorage_ntfs/Coding/Autonomous/model/data/bdd100k/train/00482,140
141,/mnt/HyperStorage_ntfs/Coding/Autonomous/model/data/bdd100k/train/00869,141
142,/mnt/HyperStorage_ntfs/Coding/Autonomous/model/data/bdd100k/train/01120,142
143,/mnt/HyperStorage_ntfs/Coding/Autonomous/model/data/bdd100k/train/00981,143
144,/mnt/HyperStorage_ntfs/Coding/Autonomous/model/data/bdd100k/train/01167,144
145,/mnt/HyperStorage_ntfs/Coding/Autonomous/model/data/bdd100k/train/00523,145
146,/mnt/HyperStorage_ntfs/Coding/Autonomous/model/data/bdd100k/train/00463,146
147,/mnt/HyperStorage_ntfs/Coding/Autonomous/model/data/bdd100k/train/01226,147
148,/mnt/HyperStorage_ntfs/Coding/Autonomous/model/data/bdd100k/train/01122,148
149,/mnt/HyperStorage_ntfs/Coding/Autonomous/model/data/bdd100k/train/01162,149
150,/mnt/HyperStorage_ntfs/Coding/Autonomous/model/data/bdd100k/train/01373,150
151,/mnt/HyperStorage_ntfs/Coding/Autonomous/model/data/bdd100k/train/01274,151
152,/mnt/HyperStorage_ntfs/Coding/Autonomous/model/data/bdd100k/train/00587,152
153,/mnt/HyperStorage_ntfs/Coding/Autonomous/model/data/bdd100k/train/00747,153
154,/mnt/HyperStorage_ntfs/Coding/Autonomous/model/data/bdd100k/train/00510,154
155,/mnt/HyperStorage_ntfs/Coding/Autonomous/model/data/bdd100k/train/00586,155
156,/mnt/HyperStorage_ntfs/Coding/Autonomous/model/data/bdd100k/train/00532,156
157,/mnt/HyperStorage_ntfs/Coding/Autonomous/model/data/bdd100k/train/00966,157
158,/mnt/HyperStorage_ntfs/Coding/Autonomous/model/data/bdd100k/train/00562,158
159,/mnt/HyperStorage_ntfs/Coding/Autonomous/model/data/bdd100k/train/00875,159
160,/mnt/HyperStorage_ntfs/Coding/Autonomous/model/data/bdd100k/train/00425,160
161,/mnt/HyperStorage_ntfs/Coding/Autonomous/model/data/bdd100k/train/00420,161
162,/mnt/HyperStorage_ntfs/Coding/Autonomous/model/data/bdd100k/train/01294,162
163,/mnt/HyperStorage_ntfs/Coding/Autonomous/model/data/bdd100k/train/00052,163
164,/mnt/HyperStorage_ntfs/Coding/Autonomous/model/data/bdd100k/train/01096,164
165,/mnt/HyperStorage_ntfs/Coding/Autonomous/model/data/bdd100k/train/00496,165
166,/mnt/HyperStorage_ntfs/Coding/Autonomous/model/data/bdd100k/train/01269,166
167,/mnt/HyperStorage_ntfs/Coding/Autonomous/model/data/bdd100k/train/01013,167
168,/mnt/HyperStorage_ntfs/Coding/Autonomous/model/data/bdd100k/train/01101,168
169,/mnt/HyperStorage_ntfs/Coding/Autonomous/model/data/bdd100k/train/01157,169
170,/mnt/HyperStorage_ntfs/Coding/Autonomous/model/data/bdd100k/train/00223,170
171,/mnt/HyperStorage_ntfs/Coding/Autonomous/model/data/bdd100k/train/00625,171
172,/mnt/HyperStorage_ntfs/Coding/Autonomous/model/data/bdd100k/train/00636,172
173,/mnt/HyperStorage_ntfs/Coding/Autonomous/model/data/bdd100k/train/00009,173
174,/mnt/HyperStorage_ntfs/Coding/Autonomous/model/data/bdd100k/train/01127,174
175,/mnt/HyperStorage_ntfs/Coding/Autonomous/model/data/bdd100k/train/00637,175
176,/mnt/HyperStorage_ntfs/Coding/Autonomous/model/data/bdd100k/train/00477,176
177,/mnt/HyperStorage_ntfs/Coding/Autonomous/model/data/bdd100k/train/00731,177
178,/mnt/HyperStorage_ntfs/Coding/Autonomous/model/data/bdd100k/train/01143,178
179,/mnt/HyperStorage_ntfs/Coding/Autonomous/model/data/bdd100k/train/00556,179
180,/mnt/HyperStorage_ntfs/Coding/Autonomous/model/data/bdd100k/train/00232,180
181,/mnt/HyperStorage_ntfs/Coding/Autonomous/model/data/bdd100k/train/01389,181
182,/mnt/HyperStorage_ntfs/Coding/Autonomous/model/data/bdd100k/train/00035,182
183,/mnt/HyperStorage_ntfs/Coding/Autonomous/model/data/bdd100k/train/00749,183
184,/mnt/HyperStorage_ntfs/Coding/Autonomous/model/data/bdd100k/train/00469,184
185,/mnt/HyperStorage_ntfs/Coding/Autonomous/model/data/bdd100k/train/00945,185
186,/mnt/HyperStorage_ntfs/Coding/Autonomous/model/data/bdd100k/train/00046,186
187,/mnt/HyperStorage_ntfs/Coding/Autonomous/model/data/bdd100k/train/00360,187
188,/mnt/HyperStorage_ntfs/Coding/Autonomous/model/data/bdd100k/train/01364,188
189,/mnt/HyperStorage_ntfs/Coding/Autonomous/model/data/bdd100k/train/00485,189
190,/mnt/HyperStorage_ntfs/Coding/Autonomous/model/data/bdd100k/train/01045,190
191,/mnt/HyperStorage_ntfs/Coding/Autonomous/model/data/bdd100k/train/00772,191
192,/mnt/HyperStorage_ntfs/Coding/Autonomous/model/data/bdd100k/train/01197,192
193,/mnt/HyperStorage_ntfs/Coding/Autonomous/model/data/bdd100k/train/00779,193
194,/mnt/HyperStorage_ntfs/Coding/Autonomous/model/data/bdd100k/train/00034,194
195,/mnt/HyperStorage_ntfs/Coding/Autonomous/model/data/bdd100k/train/00324,195
196,/mnt/HyperStorage_ntfs/Coding/Autonomous/model/data/bdd100k/train/00681,196
197,/mnt/HyperStorage_ntfs/Coding/Autonomous/model/data/bdd100k/train/00494,197
198,/mnt/HyperStorage_ntfs/Coding/Autonomous/model/data/bdd100k/train/01172,198
199,/mnt/HyperStorage_ntfs/Coding/Autonomous/model/data/bdd100k/train/00335,199
200,/mnt/HyperStorage_ntfs/Coding/Autonomous/model/data/bdd100k/train/00008,200
201,/mnt/HyperStorage_ntfs/Coding/Autonomous/model/data/bdd100k/train/00881,201
202,/mnt/HyperStorage_ntfs/Coding/Autonomous/model/data/bdd100k/train/00849,202
203,/mnt/HyperStorage_ntfs/Coding/Autonomous/model/data/bdd100k/train/01137,203
204,/mnt/HyperStorage_ntfs/Coding/Autonomous/model/data/bdd100k/train/00965,204
205,/mnt/HyperStorage_ntfs/Coding/Autonomous/model/data/bdd100k/train/00019,205
206,/mnt/HyperStorage_ntfs/Coding/Autonomous/model/data/bdd100k/train/00976,206
207,/mnt/HyperStorage_ntfs/Coding/Autonomous/model/data/bdd100k/train/01215,207
208,/mnt/HyperStorage_ntfs/Coding/Autonomous/model/data/bdd100k/train/00347,208
209,/mnt/HyperStorage_ntfs/Coding/Autonomous/model/data/bdd100k/train/01047,209
210,/mnt/HyperStorage_ntfs/Coding/Autonomous/model/data/bdd100k/train/00428,210
211,/mnt/HyperStorage_ntfs/Coding/Autonomous/model/data/bdd100k/train/00615,211
212,/mnt/HyperStorage_ntfs/Coding/Autonomous/model/data/bdd100k/train/00266,212
213,/mnt/HyperStorage_ntfs/Coding/Autonomous/model/data/bdd100k/train/00827,213
214,/mnt/HyperStorage_ntfs/Coding/Autonomous/model/data/bdd100k/train/00438,214
215,/mnt/HyperStorage_ntfs/Coding/Autonomous/model/data/bdd100k/train/01300,215
216,/mnt/HyperStorage_ntfs/Coding/Autonomous/model/data/bdd100k/train/00055,216
217,/mnt/HyperStorage_ntfs/Coding/Autonomous/model/data/bdd100k/train/00520,217
218,/mnt/HyperStorage_ntfs/Coding/Autonomous/model/data/bdd100k/train/00247,218
219,/mnt/HyperStorage_ntfs/Coding/Autonomous/model/data/bdd100k/train/01357,219
220,/mnt/HyperStorage_ntfs/Coding/Autonomous/model/data/bdd100k/train/00447,220
221,/mnt/HyperStorage_ntfs/Coding/Autonomous/model/data/bdd100k/train/01001,221
222,/mnt/HyperStorage_ntfs/Coding/Autonomous/model/data/bdd100k/train/00252,222
223,/mnt/HyperStorage_ntfs/Coding/Autonomous/model/data/bdd100k/train/00757,223
224,/mnt/HyperStorage_ntfs/Coding/Autonomous/model/data/bdd100k/train/01310,224
225,/mnt/HyperStorage_ntfs/Coding/Autonomous/model/data/bdd100k/train/01309,225
226,/mnt/HyperStorage_ntfs/Coding/Autonomous/model/data/bdd100k/train/01012,226
227,/mnt/HyperStorage_ntfs/Coding/Autonomous/model/data/bdd100k/train/01146,227
228,/mnt/HyperStorage_ntfs/Coding/Autonomous/model/data/bdd100k/train/00683,228
229,/mnt/HyperStorage_ntfs/Coding/Autonomous/model/data/bdd100k/train/00871,229
230,/mnt/HyperStorage_ntfs/Coding/Autonomous/model/data/bdd100k/train/01046,230
231,/mnt/HyperStorage_ntfs/Coding/Autonomous/model/data/bdd100k/train/01385,231
232,/mnt/HyperStorage_ntfs/Coding/Autonomous/model/data/bdd100k/train/00727,232
233,/mnt/HyperStorage_ntfs/Coding/Autonomous/model/data/bdd100k/train/01090,233
234,/mnt/HyperStorage_ntfs/Coding/Autonomous/model/data/bdd100k/train/00804,234
235,/mnt/HyperStorage_ntfs/Coding/Autonomous/model/data/bdd100k/train/00368,235
236,/mnt/HyperStorage_ntfs/Coding/Autonomous/model/data/bdd100k/train/00104,236
237,/mnt/HyperStorage_ntfs/Coding/Autonomous/model/data/bdd100k/train/01138,237
238,/mnt/HyperStorage_ntfs/Coding/Autonomous/model/data/bdd100k/train/00979,238
239,/mnt/HyperStorage_ntfs/Coding/Autonomous/model/data/bdd100k/train/01347,239
240,/mnt/HyperStorage_ntfs/Coding/Autonomous/model/data/bdd100k/train/00549,240
241,/mnt/HyperStorage_ntfs/Coding/Autonomous/model/data/bdd100k/train/00947,241
242,/mnt/HyperStorage_ntfs/Coding/Autonomous/model/data/bdd100k/train/00453,242
243,/mnt/HyperStorage_ntfs/Coding/Autonomous/model/data/bdd100k/train/00462,243
244,/mnt/HyperStorage_ntfs/Coding/Autonomous/model/data/bdd100k/train/00187,244
245,/mnt/HyperStorage_ntfs/Coding/Autonomous/model/data/bdd100k/train/00817,245
246,/mnt/HyperStorage_ntfs/Coding/Autonomous/model/data/bdd100k/train/01115,246
247,/mnt/HyperStorage_ntfs/Coding/Autonomous/model/data/bdd100k/train/01230,247
248,/mnt/HyperStorage_ntfs/Coding/Autonomous/model/data/bdd100k/train/00389,248
249,/mnt/HyperStorage_ntfs/Coding/Autonomous/model/data/bdd100k/train/00663,249
250,/mnt/HyperStorage_ntfs/Coding/Autonomous/model/data/bdd100k/train/00972,250
251,/mnt/HyperStorage_ntfs/Coding/Autonomous/model/data/bdd100k/train/00935,251
252,/mnt/HyperStorage_ntfs/Coding/Autonomous/model/data/bdd100k/train/00708,252
253,/mnt/HyperStorage_ntfs/Coding/Autonomous/model/data/bdd100k/train/01252,253
254,/mnt/HyperStorage_ntfs/Coding/Autonomous/model/data/bdd100k/train/00154,254
255,/mnt/HyperStorage_ntfs/Coding/Autonomous/model/data/bdd100k/train/01018,255
256,/mnt/HyperStorage_ntfs/Coding/Autonomous/model/data/bdd100k/train/00535,256
257,/mnt/HyperStorage_ntfs/Coding/Autonomous/model/data/bdd100k/train/00811,257
258,/mnt/HyperStorage_ntfs/Coding/Autonomous/model/data/bdd100k/train/00943,258
259,/mnt/HyperStorage_ntfs/Coding/Autonomous/model/data/bdd100k/train/00007,259
260,/mnt/HyperStorage_ntfs/Coding/Autonomous/model/data/bdd100k/train/00820,260
261,/mnt/HyperStorage_ntfs/Coding/Autonomous/model/data/bdd100k/train/00651,261
262,/mnt/HyperStorage_ntfs/Coding/Autonomous/model/data/bdd100k/train/00309,262
263,/mnt/HyperStorage_ntfs/Coding/Autonomous/model/data/bdd100k/train/00405,263
264,/mnt/HyperStorage_ntfs/Coding/Autonomous/model/data/bdd100k/train/00332,264
265,/mnt/HyperStorage_ntfs/Coding/Autonomous/model/data/bdd100k/train/00689,265
266,/mnt/HyperStorage_ntfs/Coding/Autonomous/model/data/bdd100k/train/00697,266
267,/mnt/HyperStorage_ntfs/Coding/Autonomous/model/data/bdd100k/train/00831,267
268,/mnt/HyperStorage_ntfs/Coding/Autonomous/model/data/bdd100k/train/01248,268
269,/mnt/HyperStorage_ntfs/Coding/Autonomous/model/data/bdd100k/train/00397,269
270,/mnt/HyperStorage_ntfs/Coding/Autonomous/model/data/bdd100k/train/01015,270
271,/mnt/HyperStorage_ntfs/Coding/Autonomous/model/data/bdd100k/train/00581,271
272,/mnt/HyperStorage_ntfs/Coding/Autonomous/model/data/bdd100k/train/00807,272
273,/mnt/HyperStorage_ntfs/Coding/Autonomous/model/data/bdd100k/train/00178,273
274,/mnt/HyperStorage_ntfs/Coding/Autonomous/model/data/bdd100k/train/01166,274
275,/mnt/HyperStorage_ntfs/Coding/Autonomous/model/data/bdd100k/train/00206,275
276,/mnt/HyperStorage_ntfs/Coding/Autonomous/model/data/bdd100k/train/00780,276
277,/mnt/HyperStorage_ntfs/Coding/Autonomous/model/data/bdd100k/train/01318,277
278,/mnt/HyperStorage_ntfs/Coding/Autonomous/model/data/bdd100k/train/01399,278
279,/mnt/HyperStorage_ntfs/Coding/Autonomous/model/data/bdd100k/train/00099,279
280,/mnt/HyperStorage_ntfs/Coding/Autonomous/model/data/bdd100k/train/00295,280
281,/mnt/HyperStorage_ntfs/Coding/Autonomous/model/data/bdd100k/train/00968,281
282,/mnt/HyperStorage_ntfs/Coding/Autonomous/model/data/bdd100k/train/00236,282
283,/mnt/HyperStorage_ntfs/Coding/Autonomous/model/data/bdd100k/train/00628,283
284,/mnt/HyperStorage_ntfs/Coding/Autonomous/model/data/bdd100k/train/00134,284
285,/mnt/HyperStorage_ntfs/Coding/Autonomous/model/data/bdd100k/train/00920,285
286,/mnt/HyperStorage_ntfs/Coding/Autonomous/model/data/bdd100k/train/00081,286
287,/mnt/HyperStorage_ntfs/Coding/Autonomous/model/data/bdd100k/train/01257,287
288,/mnt/HyperStorage_ntfs/Coding/Autonomous/model/data/bdd100k/train/00159,288
289,/mnt/HyperStorage_ntfs/Coding/Autonomous/model/data/bdd100k/train/00557,289
290,/mnt/HyperStorage_ntfs/Coding/Autonomous/model/data/bdd100k/train/00911,290
291,/mnt/HyperStorage_ntfs/Coding/Autonomous/model/data/bdd100k/train/01131,291
292,/mnt/HyperStorage_ntfs/Coding/Autonomous/model/data/bdd100k/train/00412,292
293,/mnt/HyperStorage_ntfs/Coding/Autonomous/model/data/bdd100k/train/01054,293
294,/mnt/HyperStorage_ntfs/Coding/Autonomous/model/data/bdd100k/train/00666,294
295,/mnt/HyperStorage_ntfs/Coding/Autonomous/model/data/bdd100k/train/00814,295
296,/mnt/HyperStorage_ntfs/Coding/Autonomous/model/data/bdd100k/train/01062,296
297,/mnt/HyperStorage_ntfs/Coding/Autonomous/model/data/bdd100k/train/01147,297
298,/mnt/HyperStorage_ntfs/Coding/Autonomous/model/data/bdd100k/train/00305,298
299,/mnt/HyperStorage_ntfs/Coding/Autonomous/model/data/bdd100k/train/01308,299
300,/mnt/HyperStorage_ntfs/Coding/Autonomous/model/data/bdd100k/train/00445,300
301,/mnt/HyperStorage_ntfs/Coding/Autonomous/model/data/bdd100k/train/01029,301
302,/mnt/HyperStorage_ntfs/Coding/Autonomous/model/data/bdd100k/train/01372,302
303,/mnt/HyperStorage_ntfs/Coding/Autonomous/model/data/bdd100k/train/00054,303
304,/mnt/HyperStorage_ntfs/Coding/Autonomous/model/data/bdd100k/train/00163,304
305,/mnt/HyperStorage_ntfs/Coding/Autonomous/model/data/bdd100k/train/00769,305
306,/mnt/HyperStorage_ntfs/Coding/Autonomous/model/data/bdd100k/train/00169,306
307,/mnt/HyperStorage_ntfs/Coding/Autonomous/model/data/bdd100k/train/01179,307
308,/mnt/HyperStorage_ntfs/Coding/Autonomous/model/data/bdd100k/train/00112,308
309,/mnt/HyperStorage_ntfs/Coding/Autonomous/model/data/bdd100k/train/00091,309
310,/mnt/HyperStorage_ntfs/Coding/Autonomous/model/data/bdd100k/train/00558,310
311,/mnt/HyperStorage_ntfs/Coding/Autonomous/model/data/bdd100k/train/00631,311
312,/mnt/HyperStorage_ntfs/Coding/Autonomous/model/data/bdd100k/train/00441,312
313,/mnt/HyperStorage_ntfs/Coding/Autonomous/model/data/bdd100k/train/00774,313
314,/mnt/HyperStorage_ntfs/Coding/Autonomous/model/data/bdd100k/train/00670,314
315,/mnt/HyperStorage_ntfs/Coding/Autonomous/model/data/bdd100k/train/00559,315
316,/mnt/HyperStorage_ntfs/Coding/Autonomous/model/data/bdd100k/train/00800,316
317,/mnt/HyperStorage_ntfs/Coding/Autonomous/model/data/bdd100k/train/01314,317
318,/mnt/HyperStorage_ntfs/Coding/Autonomous/model/data/bdd100k/train/00537,318
319,/mnt/HyperStorage_ntfs/Coding/Autonomous/model/data/bdd100k/train/00862,319
320,/mnt/HyperStorage_ntfs/Coding/Autonomous/model/data/bdd100k/train/01382,320
321,/mnt/HyperStorage_ntfs/Coding/Autonomous/model/data/bdd100k/train/00184,321
322,/mnt/HyperStorage_ntfs/Coding/Autonomous/model/data/bdd100k/train/00110,322
323,/mnt/HyperStorage_ntfs/Coding/Autonomous/model/data/bdd100k/train/00621,323
324,/mnt/HyperStorage_ntfs/Coding/Autonomous/model/data/bdd100k/train/00962,324
325,/mnt/HyperStorage_ntfs/Coding/Autonomous/model/data/bdd100k/train/00838,325
326,/mnt/HyperStorage_ntfs/Coding/Autonomous/model/data/bdd100k/train/00761,326
327,/mnt/HyperStorage_ntfs/Coding/Autonomous/model/data/bdd100k/train/01395,327
328,/mnt/HyperStorage_ntfs/Coding/Autonomous/model/data/bdd100k/train/00519,328
329,/mnt/HyperStorage_ntfs/Coding/Autonomous/model/data/bdd100k/train/00321,329
330,/mnt/HyperStorage_ntfs/Coding/Autonomous/model/data/bdd100k/train/00730,330
331,/mnt/HyperStorage_ntfs/Coding/Autonomous/model/data/bdd100k/train/01114,331
332,/mnt/HyperStorage_ntfs/Coding/Autonomous/model/data/bdd100k/train/01004,332
333,/mnt/HyperStorage_ntfs/Coding/Autonomous/model/data/bdd100k/train/01100,333
334,/mnt/HyperStorage_ntfs/Coding/Autonomous/model/data/bdd100k/train/00936,334
335,/mnt/HyperStorage_ntfs/Coding/Autonomous/model/data/bdd100k/train/00086,335
336,/mnt/HyperStorage_ntfs/Coding/Autonomous/model/data/bdd100k/train/01391,336
337,/mnt/HyperStorage_ntfs/Coding/Autonomous/model/data/bdd100k/train/00084,337
338,/mnt/HyperStorage_ntfs/Coding/Autonomous/model/data/bdd100k/train/01245,338
339,/mnt/HyperStorage_ntfs/Coding/Autonomous/model/data/bdd100k/train/00065,339
340,/mnt/HyperStorage_ntfs/Coding/Autonomous/model/data/bdd100k/train/00375,340
341,/mnt/HyperStorage_ntfs/Coding/Autonomous/model/data/bdd100k/train/01213,341
342,/mnt/HyperStorage_ntfs/Coding/Autonomous/model/data/bdd100k/train/01002,342
343,/mnt/HyperStorage_ntfs/Coding/Autonomous/model/data/bdd100k/train/01099,343
344,/mnt/HyperStorage_ntfs/Coding/Autonomous/model/data/bdd100k/train/00967,344
345,/mnt/HyperStorage_ntfs/Coding/Autonomous/model/data/bdd100k/train/00810,345
346,/mnt/HyperStorage_ntfs/Coding/Autonomous/model/data/bdd100k/train/00912,346
347,/mnt/HyperStorage_ntfs/Coding/Autonomous/model/data/bdd100k/train/01270,347
348,/mnt/HyperStorage_ntfs/Coding/Autonomous/model/data/bdd100k/train/00940,348
349,/mnt/HyperStorage_ntfs/Coding/Autonomous/model/data/bdd100k/train/00633,349
350,/mnt/HyperStorage_ntfs/Coding/Autonomous/model/data/bdd100k/train/00704,350
351,/mnt/HyperStorage_ntfs/Coding/Autonomous/model/data/bdd100k/train/01066,351
352,/mnt/HyperStorage_ntfs/Coding/Autonomous/model/data/bdd100k/train/00840,352
353,/mnt/HyperStorage_ntfs/Coding/Autonomous/model/data/bdd100k/train/00826,353
354,/mnt/HyperStorage_ntfs/Coding/Autonomous/model/data/bdd100k/train/01290,354
355,/mnt/HyperStorage_ntfs/Coding/Autonomous/model/data/bdd100k/train/00953,355
356,/mnt/HyperStorage_ntfs/Coding/Autonomous/model/data/bdd100k/train/01026,356
357,/mnt/HyperStorage_ntfs/Coding/Autonomous/model/data/bdd100k/train/00301,357
358,/mnt/HyperStorage_ntfs/Coding/Autonomous/model/data/bdd100k/train/01003,358
359,/mnt/HyperStorage_ntfs/Coding/Autonomous/model/data/bdd100k/train/00910,359
360,/mnt/HyperStorage_ntfs/Coding/Autonomous/model/data/bdd100k/train/00863,360
361,/mnt/HyperStorage_ntfs/Coding/Autonomous/model/data/bdd100k/train/00656,361
362,/mnt/HyperStorage_ntfs/Coding/Autonomous/model/data/bdd100k/train/01262,362
363,/mnt/HyperStorage_ntfs/Coding/Autonomous/model/data/bdd100k/train/00272,363
364,/mnt/HyperStorage_ntfs/Coding/Autonomous/model/data/bdd100k/train/01110,364
365,/mnt/HyperStorage_ntfs/Coding/Autonomous/model/data/bdd100k/train/00788,365
366,/mnt/HyperStorage_ntfs/Coding/Autonomous/model/data/bdd100k/train/00957,366
367,/mnt/HyperStorage_ntfs/Coding/Autonomous/model/data/bdd100k/train/00188,367
368,/mnt/HyperStorage_ntfs/Coding/Autonomous/model/data/bdd100k/train/00290,368
369,/mnt/HyperStorage_ntfs/Coding/Autonomous/model/data/bdd100k/train/00063,369
370,/mnt/HyperStorage_ntfs/Coding/Autonomous/model/data/bdd100k/train/00799,370
371,/mnt/HyperStorage_ntfs/Coding/Autonomous/model/data/bdd100k/train/00164,371
372,/mnt/HyperStorage_ntfs/Coding/Autonomous/model/data/bdd100k/train/01005,372
373,/mnt/HyperStorage_ntfs/Coding/Autonomous/model/data/bdd100k/train/00317,373
374,/mnt/HyperStorage_ntfs/Coding/Autonomous/model/data/bdd100k/train/00701,374
375,/mnt/HyperStorage_ntfs/Coding/Autonomous/model/data/bdd100k/train/00475,375
376,/mnt/HyperStorage_ntfs/Coding/Autonomous/model/data/bdd100k/train/00383,376
377,/mnt/HyperStorage_ntfs/Coding/Autonomous/model/data/bdd100k/train/00796,377
378,/mnt/HyperStorage_ntfs/Coding/Autonomous/model/data/bdd100k/train/01048,378
379,/mnt/HyperStorage_ntfs/Coding/Autonomous/model/data/bdd100k/train/00688,379
380,/mnt/HyperStorage_ntfs/Coding/Autonomous/model/data/bdd100k/train/01260,380
381,/mnt/HyperStorage_ntfs/Coding/Autonomous/model/data/bdd100k/train/00589,381
382,/mnt/HyperStorage_ntfs/Coding/Autonomous/model/data/bdd100k/train/00878,382
383,/mnt/HyperStorage_ntfs/Coding/Autonomous/model/data/bdd100k/train/00378,383
384,/mnt/HyperStorage_ntfs/Coding/Autonomous/model/data/bdd100k/train/01268,384
385,/mnt/HyperStorage_ntfs/Coding/Autonomous/model/data/bdd100k/train/00307,385
386,/mnt/HyperStorage_ntfs/Coding/Autonomous/model/data/bdd100k/train/00765,386
387,/mnt/HyperStorage_ntfs/Coding/Autonomous/model/data/bdd100k/train/00530,387
388,/mnt/HyperStorage_ntfs/Coding/Autonomous/model/data/bdd100k/train/01125,388
389,/mnt/HyperStorage_ntfs/Coding/Autonomous/model/data/bdd100k/train/00014,389
390,/mnt/HyperStorage_ntfs/Coding/Autonomous/model/data/bdd100k/train/00904,390
391,/mnt/HyperStorage_ntfs/Coding/Autonomous/model/data/bdd100k/train/00777,391
392,/mnt/HyperStorage_ntfs/Coding/Autonomous/model/data/bdd100k/train/01059,392
393,/mnt/HyperStorage_ntfs/Coding/Autonomous/model/data/bdd100k/train/01307,393
394,/mnt/HyperStorage_ntfs/Coding/Autonomous/model/data/bdd100k/train/00679,394
395,/mnt/HyperStorage_ntfs/Coding/Autonomous/model/data/bdd100k/train/00121,395
396,/mnt/HyperStorage_ntfs/Coding/Autonomous/model/data/bdd100k/train/00795,396
397,/mnt/HyperStorage_ntfs/Coding/Autonomous/model/data/bdd100k/train/00894,397
398,/mnt/HyperStorage_ntfs/Coding/Autonomous/model/data/bdd100k/train/00570,398
399,/mnt/HyperStorage_ntfs/Coding/Autonomous/model/data/bdd100k/train/00215,399
400,/mnt/HyperStorage_ntfs/Coding/Autonomous/model/data/bdd100k/train/00630,400
401,/mnt/HyperStorage_ntfs/Coding/Autonomous/model/data/bdd100k/train/00887,401
402,/mnt/HyperStorage_ntfs/Coding/Autonomous/model/data/bdd100k/train/00993,402
403,/mnt/HyperStorage_ntfs/Coding/Autonomous/model/data/bdd100k/train/00883,403
404,/mnt/HyperStorage_ntfs/Coding/Autonomous/model/data/bdd100k/train/00132,404
405,/mnt/HyperStorage_ntfs/Coding/Autonomous/model/data/bdd100k/train/00886,405
406,/mnt/HyperStorage_ntfs/Coding/Autonomous/model/data/bdd100k/train/01267,406
407,/mnt/HyperStorage_ntfs/Coding/Autonomous/model/data/bdd100k/train/00567,407
408,/mnt/HyperStorage_ntfs/Coding/Autonomous/model/data/bdd100k/train/00739,408
409,/mnt/HyperStorage_ntfs/Coding/Autonomous/model/data/bdd100k/train/00012,409
410,/mnt/HyperStorage_ntfs/Coding/Autonomous/model/data/bdd100k/train/01121,410
411,/mnt/HyperStorage_ntfs/Coding/Autonomous/model/data/bdd100k/train/00550,411
412,/mnt/HyperStorage_ntfs/Coding/Autonomous/model/data/bdd100k/train/01176,412
413,/mnt/HyperStorage_ntfs/Coding/Autonomous/model/data/bdd100k/train/00825,413
414,/mnt/HyperStorage_ntfs/Coding/Autonomous/model/data/bdd100k/train/01227,414
415,/mnt/HyperStorage_ntfs/Coding/Autonomous/model/data/bdd100k/train/00634,415
416,/mnt/HyperStorage_ntfs/Coding/Autonomous/model/data/bdd100k/train/00137,416
417,/mnt/HyperStorage_ntfs/Coding/Autonomous/model/data/bdd100k/train/00195,417
418,/mnt/HyperStorage_ntfs/Coding/Autonomous/model/data/bdd100k/train/01311,418
419,/mnt/HyperStorage_ntfs/Coding/Autonomous/model/data/bdd100k/train/01360,419
420,/mnt/HyperStorage_ntfs/Coding/Autonomous/model/data/bdd100k/train/00902,420
421,/mnt/HyperStorage_ntfs/Coding/Autonomous/model/data/bdd100k/train/01244,421
422,/mnt/HyperStorage_ntfs/Coding/Autonomous/model/data/bdd100k/train/01327,422
423,/mnt/HyperStorage_ntfs/Coding/Autonomous/model/data/bdd100k/train/00140,423
424,/mnt/HyperStorage_ntfs/Coding/Autonomous/model/data/bdd100k/train/00352,424
425,/mnt/HyperStorage_ntfs/Coding/Autonomous/model/data/bdd100k/train/01007,425
426,/mnt/HyperStorage_ntfs/Coding/Autonomous/model/data/bdd100k/train/00961,426
427,/mnt/HyperStorage_ntfs/Coding/Autonomous/model/data/bdd100k/train/01037,427
428,/mnt/HyperStorage_ntfs/Coding/Autonomous/model/data/bdd100k/train/00514,428
429,/mnt/HyperStorage_ntfs/Coding/Autonomous/model/data/bdd100k/train/00218,429
430,/mnt/HyperStorage_ntfs/Coding/Autonomous/model/data/bdd100k/train/00022,430
431,/mnt/HyperStorage_ntfs/Coding/Autonomous/model/data/bdd100k/train/00844,431
432,/mnt/HyperStorage_ntfs/Coding/Autonomous/model/data/bdd100k/train/00546,432
433,/mnt/HyperStorage_ntfs/Coding/Autonomous/model/data/bdd100k/train/00424,433
434,/mnt/HyperStorage_ntfs/Coding/Autonomous/model/data/bdd100k/train/00449,434
435,/mnt/HyperStorage_ntfs/Coding/Autonomous/model/data/bdd100k/train/01057,435
436,/mnt/HyperStorage_ntfs/Coding/Autonomous/model/data/bdd100k/train/00678,436
437,/mnt/HyperStorage_ntfs/Coding/Autonomous/model/data/bdd100k/train/01068,437
438,/mnt/HyperStorage_ntfs/Coding/Autonomous/model/data/bdd100k/train/00006,438
439,/mnt/HyperStorage_ntfs/Coding/Autonomous/model/data/bdd100k/train/00200,439
440,/mnt/HyperStorage_ntfs/Coding/Autonomous/model/data/bdd100k/train/01030,440
441,/mnt/HyperStorage_ntfs/Coding/Autonomous/model/data/bdd100k/train/00994,441
442,/mnt/HyperStorage_ntfs/Coding/Autonomous/model/data/bdd100k/train/00903,442
443,/mnt/HyperStorage_ntfs/Coding/Autonomous/model/data/bdd100k/train/01008,443
444,/mnt/HyperStorage_ntfs/Coding/Autonomous/model/data/bdd100k/train/00553,444
445,/mnt/HyperStorage_ntfs/Coding/Autonomous/model/data/bdd100k/train/00929,445
446,/mnt/HyperStorage_ntfs/Coding/Autonomous/model/data/bdd100k/train/00879,446
447,/mnt/HyperStorage_ntfs/Coding/Autonomous/model/data/bdd100k/train/00648,447
448,/mnt/HyperStorage_ntfs/Coding/Autonomous/model/data/bdd100k/train/01331,448
449,/mnt/HyperStorage_ntfs/Coding/Autonomous/model/data/bdd100k/train/00952,449
450,/mnt/HyperStorage_ntfs/Coding/Autonomous/model/data/bdd100k/train/00109,450
451,/mnt/HyperStorage_ntfs/Coding/Autonomous/model/data/bdd100k/train/00072,451
452,/mnt/HyperStorage_ntfs/Coding/Autonomous/model/data/bdd100k/train/00333,452
453,/mnt/HyperStorage_ntfs/Coding/Autonomous/model/data/bdd100k/train/01175,453
454,/mnt/HyperStorage_ntfs/Coding/Autonomous/model/data/bdd100k/train/01186,454
455,/mnt/HyperStorage_ntfs/Coding/Autonomous/model/data/bdd100k/train/01098,455
456,/mnt/HyperStorage_ntfs/Coding/Autonomous/model/data/bdd100k/train/00060,456
457,/mnt/HyperStorage_ntfs/Coding/Autonomous/model/data/bdd100k/train/00565,457
458,/mnt/HyperStorage_ntfs/Coding/Autonomous/model/data/bdd100k/train/00402,458
459,/mnt/HyperStorage_ntfs/Coding/Autonomous/model/data/bdd100k/train/01392,459
460,/mnt/HyperStorage_ntfs/Coding/Autonomous/model/data/bdd100k/train/00742,460
461,/mnt/HyperStorage_ntfs/Coding/Autonomous/model/data/bdd100k/train/00160,461
462,/mnt/HyperStorage_ntfs/Coding/Autonomous/model/data/bdd100k/train/00735,462
463,/mnt/HyperStorage_ntfs/Coding/Autonomous/model/data/bdd100k/train/00431,463
464,/mnt/HyperStorage_ntfs/Coding/Autonomous/model/data/bdd100k/train/00783,464
465,/mnt/HyperStorage_ntfs/Coding/Autonomous/model/data/bdd100k/train/00980,465
466,/mnt/HyperStorage_ntfs/Coding/Autonomous/model/data/bdd100k/train/00351,466
467,/mnt/HyperStorage_ntfs/Coding/Autonomous/model/data/bdd100k/train/00724,467
468,/mnt/HyperStorage_ntfs/Coding/Autonomous/model/data/bdd100k/train/00095,468
469,/mnt/HyperStorage_ntfs/Coding/Autonomous/model/data/bdd100k/train/00555,469
470,/mnt/HyperStorage_ntfs/Coding/Autonomous/model/data/bdd100k/train/00682,470
471,/mnt/HyperStorage_ntfs/Coding/Autonomous/model/data/bdd100k/train/00594,471
472,/mnt/HyperStorage_ntfs/Coding/Autonomous/model/data/bdd100k/train/00646,472
473,/mnt/HyperStorage_ntfs/Coding/Autonomous/model/data/bdd100k/train/01035,473
474,/mnt/HyperStorage_ntfs/Coding/Autonomous/model/data/bdd100k/train/00654,474
475,/mnt/HyperStorage_ntfs/Coding/Autonomous/model/data/bdd100k/train/00059,475
476,/mnt/HyperStorage_ntfs/Coding/Autonomous/model/data/bdd100k/train/00687,476
477,/mnt/HyperStorage_ntfs/Coding/Autonomous/model/data/bdd100k/train/00657,477
478,/mnt/HyperStorage_ntfs/Coding/Autonomous/model/data/bdd100k/train/00282,478
479,/mnt/HyperStorage_ntfs/Coding/Autonomous/model/data/bdd100k/train/00852,479
480,/mnt/HyperStorage_ntfs/Coding/Autonomous/model/data/bdd100k/train/01281,480
481,/mnt/HyperStorage_ntfs/Coding/Autonomous/model/data/bdd100k/train/00283,481
482,/mnt/HyperStorage_ntfs/Coding/Autonomous/model/data/bdd100k/train/01393,482
483,/mnt/HyperStorage_ntfs/Coding/Autonomous/model/data/bdd100k/train/00638,483
484,/mnt/HyperStorage_ntfs/Coding/Autonomous/model/data/bdd100k/train/00183,484
485,/mnt/HyperStorage_ntfs/Coding/Autonomous/model/data/bdd100k/train/00440,485
486,/mnt/HyperStorage_ntfs/Coding/Autonomous/model/data/bdd100k/train/00900,486
487,/mnt/HyperStorage_ntfs/Coding/Autonomous/model/data/bdd100k/train/00327,487
488,/mnt/HyperStorage_ntfs/Coding/Autonomous/model/data/bdd100k/train/00836,488
489,/mnt/HyperStorage_ntfs/Coding/Autonomous/model/data/bdd100k/train/01207,489
490,/mnt/HyperStorage_ntfs/Coding/Autonomous/model/data/bdd100k/train/00505,490
491,/mnt/HyperStorage_ntfs/Coding/Autonomous/model/data/bdd100k/train/00662,491
492,/mnt/HyperStorage_ntfs/Coding/Autonomous/model/data/bdd100k/train/00100,492
493,/mnt/HyperStorage_ntfs/Coding/Autonomous/model/data/bdd100k/train/00918,493
494,/mnt/HyperStorage_ntfs/Coding/Autonomous/model/data/bdd100k/train/01353,494
495,/mnt/HyperStorage_ntfs/Coding/Autonomous/model/data/bdd100k/train/00649,495
496,/mnt/HyperStorage_ntfs/Coding/Autonomous/model/data/bdd100k/train/01041,496
497,/mnt/HyperStorage_ntfs/Coding/Autonomous/model/data/bdd100k/train/01261,497
498,/mnt/HyperStorage_ntfs/Coding/Autonomous/model/data/bdd100k/train/01022,498
499,/mnt/HyperStorage_ntfs/Coding/Autonomous/model/data/bdd100k/train/01010,499
500,/mnt/HyperStorage_ntfs/Coding/Autonomous/model/data/bdd100k/train/00058,500
501,/mnt/HyperStorage_ntfs/Coding/Autonomous/model/data/bdd100k/train/01111,501
502,/mnt/HyperStorage_ntfs/Coding/Autonomous/model/data/bdd100k/train/00801,502
503,/mnt/HyperStorage_ntfs/Coding/Autonomous/model/data/bdd100k/train/00079,503
504,/mnt/HyperStorage_ntfs/Coding/Autonomous/model/data/bdd100k/train/00362,504
505,/mnt/HyperStorage_ntfs/Coding/Autonomous/model/data/bdd100k/train/00288,505
506,/mnt/HyperStorage_ntfs/Coding/Autonomous/model/data/bdd100k/train/00754,506
507,/mnt/HyperStorage_ntfs/Coding/Autonomous/model/data/bdd100k/train/01348,507
508,/mnt/HyperStorage_ntfs/Coding/Autonomous/model/data/bdd100k/train/00205,508
509,/mnt/HyperStorage_ntfs/Coding/Autonomous/model/data/bdd100k/train/01380,509
510,/mnt/HyperStorage_ntfs/Coding/Autonomous/model/data/bdd100k/train/00521,510
511,/mnt/HyperStorage_ntfs/Coding/Autonomous/model/data/bdd100k/train/01374,511
512,/mnt/HyperStorage_ntfs/Coding/Autonomous/model/data/bdd100k/train/00991,512
513,/mnt/HyperStorage_ntfs/Coding/Autonomous/model/data/bdd100k/train/00990,513
514,/mnt/HyperStorage_ntfs/Coding/Autonomous/model/data/bdd100k/train/01243,514
515,/mnt/HyperStorage_ntfs/Coding/Autonomous/model/data/bdd100k/train/01285,515
516,/mnt/HyperStorage_ntfs/Coding/Autonomous/model/data/bdd100k/train/00927,516
517,/mnt/HyperStorage_ntfs/Coding/Autonomous/model/data/bdd100k/train/00560,517
518,/mnt/HyperStorage_ntfs/Coding/Autonomous/model/data/bdd100k/train/00201,518
519,/mnt/HyperStorage_ntfs/Coding/Autonomous/model/data/bdd100k/train/00226,519
520,/mnt/HyperStorage_ntfs/Coding/Autonomous/model/data/bdd100k/train/00693,520
521,/mnt/HyperStorage_ntfs/Coding/Autonomous/model/data/bdd100k/train/00271,521
522,/mnt/HyperStorage_ntfs/Coding/Autonomous/model/data/bdd100k/train/00045,522
523,/mnt/HyperStorage_ntfs/Coding/Autonomous/model/data/bdd100k/train/01123,523
524,/mnt/HyperStorage_ntfs/Coding/Autonomous/model/data/bdd100k/train/00712,524
525,/mnt/HyperStorage_ntfs/Coding/Autonomous/model/data/bdd100k/train/01064,525
526,/mnt/HyperStorage_ntfs/Coding/Autonomous/model/data/bdd100k/train/00544,526
527,/mnt/HyperStorage_ntfs/Coding/Autonomous/model/data/bdd100k/train/01384,527
528,/mnt/HyperStorage_ntfs/Coding/Autonomous/model/data/bdd100k/train/01073,528
529,/mnt/HyperStorage_ntfs/Coding/Autonomous/model/data/bdd100k/train/01106,529
530,/mnt/HyperStorage_ntfs/Coding/Autonomous/model/data/bdd100k/train/01258,530
531,/mnt/HyperStorage_ntfs/Coding/Autonomous/model/data/bdd100k/train/00442,531
532,/mnt/HyperStorage_ntfs/Coding/Autonomous/model/data/bdd100k/train/00003,532
533,/mnt/HyperStorage_ntfs/Coding/Autonomous/model/data/bdd100k/train/00616,533
534,/mnt/HyperStorage_ntfs/Coding/Autonomous/model/data/bdd100k/train/01091,534
535,/mnt/HyperStorage_ntfs/Coding/Autonomous/model/data/bdd100k/train/01076,535
536,/mnt/HyperStorage_ntfs/Coding/Autonomous/model/data/bdd100k/train/00098,536
537,/mnt/HyperStorage_ntfs/Coding/Autonomous/model/data/bdd100k/train/00092,537
538,/mnt/HyperStorage_ntfs/Coding/Autonomous/model/data/bdd100k/train/00118,538
539,/mnt/HyperStorage_ntfs/Coding/Autonomous/model/data/bdd100k/train/00123,539
540,/mnt/HyperStorage_ntfs/Coding/Autonomous/model/data/bdd100k/train/00864,540
541,/mnt/HyperStorage_ntfs/Coding/Autonomous/model/data/bdd100k/train/01286,541
542,/mnt/HyperStorage_ntfs/Coding/Autonomous/model/data/bdd100k/train/01050,542
543,/mnt/HyperStorage_ntfs/Coding/Autonomous/model/data/bdd100k/train/00229,543
544,/mnt/HyperStorage_ntfs/Coding/Autonomous/model/data/bdd100k/train/00033,544
545,/mnt/HyperStorage_ntfs/Coding/Autonomous/model/data/bdd100k/train/00563,545
546,/mnt/HyperStorage_ntfs/Coding/Autonomous/model/data/bdd100k/train/00785,546
547,/mnt/HyperStorage_ntfs/Coding/Autonomous/model/data/bdd100k/train/01387,547
548,/mnt/HyperStorage_ntfs/Coding/Autonomous/model/data/bdd100k/train/00926,548
549,/mnt/HyperStorage_ntfs/Coding/Autonomous/model/data/bdd100k/train/00585,549
550,/mnt/HyperStorage_ntfs/Coding/Autonomous/model/data/bdd100k/train/00503,550
551,/mnt/HyperStorage_ntfs/Coding/Autonomous/model/data/bdd100k/train/00642,551
552,/mnt/HyperStorage_ntfs/Coding/Autonomous/model/data/bdd100k/train/00355,552
553,/mnt/HyperStorage_ntfs/Coding/Autonomous/model/data/bdd100k/train/00270,553
554,/mnt/HyperStorage_ntfs/Coding/Autonomous/model/data/bdd100k/train/00925,554
555,/mnt/HyperStorage_ntfs/Coding/Autonomous/model/data/bdd100k/train/00691,555
556,/mnt/HyperStorage_ntfs/Coding/Autonomous/model/data/bdd100k/train/01178,556
557,/mnt/HyperStorage_ntfs/Coding/Autonomous/model/data/bdd100k/train/00457,557
558,/mnt/HyperStorage_ntfs/Coding/Autonomous/model/data/bdd100k/train/00518,558
559,/mnt/HyperStorage_ntfs/Coding/Autonomous/model/data/bdd100k/train/01320,559
560,/mnt/HyperStorage_ntfs/Coding/Autonomous/model/data/bdd100k/train/01180,560
561,/mnt/HyperStorage_ntfs/Coding/Autonomous/model/data/bdd100k/train/00488,561
562,/mnt/HyperStorage_ntfs/Coding/Autonomous/model/data/bdd100k/train/00584,562
563,/mnt/HyperStorage_ntfs/Coding/Autonomous/model/data/bdd100k/train/00932,563
564,/mnt/HyperStorage_ntfs/Coding/Autonomous/model/data/bdd100k/train/00698,564
565,/mnt/HyperStorage_ntfs/Coding/Autonomous/model/data/bdd100k/train/01194,565
566,/mnt/HyperStorage_ntfs/Coding/Autonomous/model/data/bdd100k/train/00001,566
567,/mnt/HyperStorage_ntfs/Coding/Autonomous/model/data/bdd100k/train/00255,567
568,/mnt/HyperStorage_ntfs/Coding/Autonomous/model/data/bdd100k/train/00189,568
569,/mnt/HyperStorage_ntfs/Coding/Autonomous/model/data/bdd100k/train/00410,569
570,/mnt/HyperStorage_ntfs/Coding/Autonomous/model/data/bdd100k/train/01255,570
571,/mnt/HyperStorage_ntfs/Coding/Autonomous/model/data/bdd100k/train/00767,571
572,/mnt/HyperStorage_ntfs/Coding/Autonomous/model/data/bdd100k/train/01361,572
573,/mnt/HyperStorage_ntfs/Coding/Autonomous/model/data/bdd100k/train/01288,573
574,/mnt/HyperStorage_ntfs/Coding/Autonomous/model/data/bdd100k/train/00338,574
575,/mnt/HyperStorage_ntfs/Coding/Autonomous/model/data/bdd100k/train/00356,575
576,/mnt/HyperStorage_ntfs/Coding/Autonomous/model/data/bdd100k/train/00665,576
577,/mnt/HyperStorage_ntfs/Coding/Autonomous/model/data/bdd100k/train/00157,577
578,/mnt/HyperStorage_ntfs/Coding/Autonomous/model/data/bdd100k/train/00790,578
579,/mnt/HyperStorage_ntfs/Coding/Autonomous/model/data/bdd100k/train/00650,579
580,/mnt/HyperStorage_ntfs/Coding/Autonomous/model/data/bdd100k/train/00116,580
581,/mnt/HyperStorage_ntfs/Coding/Autonomous/model/data/bdd100k/train/00175,581
582,/mnt/HyperStorage_ntfs/Coding/Autonomous/model/data/bdd100k/train/00437,582
583,/mnt/HyperStorage_ntfs/Coding/Autonomous/model/data/bdd100k/train/00089,583
584,/mnt/HyperStorage_ntfs/Coding/Autonomous/model/data/bdd100k/train/00470,584
585,/mnt/HyperStorage_ntfs/Coding/Autonomous/model/data/bdd100k/train/00928,585
586,/mnt/HyperStorage_ntfs/Coding/Autonomous/model/data/bdd100k/train/01232,586
587,/mnt/HyperStorage_ntfs/Coding/Autonomous/model/data/bdd100k/train/00741,587
588,/mnt/HyperStorage_ntfs/Coding/Autonomous/model/data/bdd100k/train/01283,588
589,/mnt/HyperStorage_ntfs/Coding/Autonomous/model/data/bdd100k/train/00707,589
590,/mnt/HyperStorage_ntfs/Coding/Autonomous/model/data/bdd100k/train/00117,590
591,/mnt/HyperStorage_ntfs/Coding/Autonomous/model/data/bdd100k/train/00813,591
592,/mnt/HyperStorage_ntfs/Coding/Autonomous/model/data/bdd100k/train/01164,592
593,/mnt/HyperStorage_ntfs/Coding/Autonomous/model/data/bdd100k/train/00439,593
594,/mnt/HyperStorage_ntfs/Coding/Autonomous/model/data/bdd100k/train/01325,594
595,/mnt/HyperStorage_ntfs/Coding/Autonomous/model/data/bdd100k/train/01305,595
596,/mnt/HyperStorage_ntfs/Coding/Autonomous/model/data/bdd100k/train/00165,596
597,/mnt/HyperStorage_ntfs/Coding/Autonomous/model/data/bdd100k/train/00805,597
598,/mnt/HyperStorage_ntfs/Coding/Autonomous/model/data/bdd100k/train/00198,598
599,/mnt/HyperStorage_ntfs/Coding/Autonomous/model/data/bdd100k/train/00002,599
600,/mnt/HyperStorage_ntfs/Coding/Autonomous/model/data/bdd100k/train/00369,600
601,/mnt/HyperStorage_ntfs/Coding/Autonomous/model/data/bdd100k/train/01329,601
602,/mnt/HyperStorage_ntfs/Coding/Autonomous/model/data/bdd100k/train/00166,602
603,/mnt/HyperStorage_ntfs/Coding/Autonomous/model/data/bdd100k/train/01142,603
604,/mnt/HyperStorage_ntfs/Coding/Autonomous/model/data/bdd100k/train/00141,604
605,/mnt/HyperStorage_ntfs/Coding/Autonomous/model/data/bdd100k/train/00430,605
606,/mnt/HyperStorage_ntfs/Coding/Autonomous/model/data/bdd100k/train/00260,606
607,/mnt/HyperStorage_ntfs/Coding/Autonomous/model/data/bdd100k/train/01216,607
608,/mnt/HyperStorage_ntfs/Coding/Autonomous/model/data/bdd100k/train/00684,608
609,/mnt/HyperStorage_ntfs/Coding/Autonomous/model/data/bdd100k/train/00167,609
610,/mnt/HyperStorage_ntfs/Coding/Autonomous/model/data/bdd100k/train/00322,610
611,/mnt/HyperStorage_ntfs/Coding/Autonomous/model/data/bdd100k/train/00334,611
612,/mnt/HyperStorage_ntfs/Coding/Autonomous/model/data/bdd100k/train/00199,612
613,/mnt/HyperStorage_ntfs/Coding/Autonomous/model/data/bdd100k/train/00809,613
614,/mnt/HyperStorage_ntfs/Coding/Autonomous/model/data/bdd100k/train/00635,614
615,/mnt/HyperStorage_ntfs/Coding/Autonomous/model/data/bdd100k/train/01239,615
616,/mnt/HyperStorage_ntfs/Coding/Autonomous/model/data/bdd100k/train/00394,616
617,/mnt/HyperStorage_ntfs/Coding/Autonomous/model/data/bdd100k/train/01223,617
618,/mnt/HyperStorage_ntfs/Coding/Autonomous/model/data/bdd100k/train/00675,618
619,/mnt/HyperStorage_ntfs/Coding/Autonomous/model/data/bdd100k/train/00152,619
620,/mnt/HyperStorage_ntfs/Coding/Autonomous/model/data/bdd100k/train/00664,620
621,/mnt/HyperStorage_ntfs/Coding/Autonomous/model/data/bdd100k/train/01074,621
622,/mnt/HyperStorage_ntfs/Coding/Autonomous/model/data/bdd100k/train/00233,622
623,/mnt/HyperStorage_ntfs/Coding/Autonomous/model/data/bdd100k/train/00241,623
624,/mnt/HyperStorage_ntfs/Coding/Autonomous/model/data/bdd100k/train/00606,624
625,/mnt/HyperStorage_ntfs/Coding/Autonomous/model/data/bdd100k/train/01072,625
626,/mnt/HyperStorage_ntfs/Coding/Autonomous/model/data/bdd100k/train/00797,626
627,/mnt/HyperStorage_ntfs/Coding/Autonomous/model/data/bdd100k/train/00517,627
628,/mnt/HyperStorage_ntfs/Coding/Autonomous/model/data/bdd100k/train/00136,628
629,/mnt/HyperStorage_ntfs/Coding/Autonomous/model/data/bdd100k/train/00815,629
630,/mnt/HyperStorage_ntfs/Coding/Autonomous/model/data/bdd100k/train/00573,630
631,/mnt/HyperStorage_ntfs/Coding/Autonomous/model/data/bdd100k/train/00764,631
632,/mnt/HyperStorage_ntfs/Coding/Autonomous/model/data/bdd100k/train/01159,632
633,/mnt/HyperStorage_ntfs/Coding/Autonomous/model/data/bdd100k/train/00087,633
634,/mnt/HyperStorage_ntfs/Coding/Autonomous/model/data/bdd100k/train/00775,634
635,/mnt/HyperStorage_ntfs/Coding/Autonomous/model/data/bdd100k/train/01196,635
636,/mnt/HyperStorage_ntfs/Coding/Autonomous/model/data/bdd100k/train/00444,636
637,/mnt/HyperStorage_ntfs/Coding/Autonomous/model/data/bdd100k/train/00381,637
638,/mnt/HyperStorage_ntfs/Coding/Autonomous/model/data/bdd100k/train/00601,638
639,/mnt/HyperStorage_ntfs/Coding/Autonomous/model/data/bdd100k/train/00235,639
640,/mnt/HyperStorage_ntfs/Coding/Autonomous/model/data/bdd100k/train/00566,640
641,/mnt/HyperStorage_ntfs/Coding/Autonomous/model/data/bdd100k/train/00129,641
642,/mnt/HyperStorage_ntfs/Coding/Autonomous/model/data/bdd100k/train/00478,642
643,/mnt/HyperStorage_ntfs/Coding/Autonomous/model/data/bdd100k/train/00551,643
644,/mnt/HyperStorage_ntfs/Coding/Autonomous/model/data/bdd100k/train/00182,644
645,/mnt/HyperStorage_ntfs/Coding/Autonomous/model/data/bdd100k/train/00372,645
646,/mnt/HyperStorage_ntfs/Coding/Autonomous/model/data/bdd100k/train/00711,646
647,/mnt/HyperStorage_ntfs/Coding/Autonomous/model/data/bdd100k/train/00818,647
648,/mnt/HyperStorage_ntfs/Coding/Autonomous/model/data/bdd100k/train/00806,648
649,/mnt/HyperStorage_ntfs/Coding/Autonomous/model/data/bdd100k/train/01234,649
650,/mnt/HyperStorage_ntfs/Coding/Autonomous/model/data/bdd100k/train/01235,650
651,/mnt/HyperStorage_ntfs/Coding/Autonomous/model/data/bdd100k/train/00399,651
652,/mnt/HyperStorage_ntfs/Coding/Autonomous/model/data/bdd100k/train/00942,652
653,/mnt/HyperStorage_ntfs/Coding/Autonomous/model/data/bdd100k/train/00499,653
654,/mnt/HyperStorage_ntfs/Coding/Autonomous/model/data/bdd100k/train/00832,654
655,/mnt/HyperStorage_ntfs/Coding/Autonomous/model/data/bdd100k/train/01204,655
656,/mnt/HyperStorage_ntfs/Coding/Autonomous/model/data/bdd100k/train/00812,656
657,/mnt/HyperStorage_ntfs/Coding/Autonomous/model/data/bdd100k/train/00143,657
658,/mnt/HyperStorage_ntfs/Coding/Autonomous/model/data/bdd100k/train/00983,658
659,/mnt/HyperStorage_ntfs/Coding/Autonomous/model/data/bdd100k/train/00481,659
660,/mnt/HyperStorage_ntfs/Coding/Autonomous/model/data/bdd100k/train/00276,660
661,/mnt/HyperStorage_ntfs/Coding/Autonomous/model/data/bdd100k/train/00015,661
662,/mnt/HyperStorage_ntfs/Coding/Autonomous/model/data/bdd100k/train/00238,662
663,/mnt/HyperStorage_ntfs/Coding/Autonomous/model/data/bdd100k/train/00269,663
664,/mnt/HyperStorage_ntfs/Coding/Autonomous/model/data/bdd100k/train/00938,664
665,/mnt/HyperStorage_ntfs/Coding/Autonomous/model/data/bdd100k/train/00486,665
666,/mnt/HyperStorage_ntfs/Coding/Autonomous/model/data/bdd100k/train/00985,666
667,/mnt/HyperStorage_ntfs/Coding/Autonomous/model/data/bdd100k/train/01210,667
668,/mnt/HyperStorage_ntfs/Coding/Autonomous/model/data/bdd100k/train/01291,668
669,/mnt/HyperStorage_ntfs/Coding/Autonomous/model/data/bdd100k/train/00433,669
670,/mnt/HyperStorage_ntfs/Coding/Autonomous/model/data/bdd100k/train/01155,670
671,/mnt/HyperStorage_ntfs/Coding/Autonomous/model/data/bdd100k/train/01228,671
672,/mnt/HyperStorage_ntfs/Coding/Autonomous/model/data/bdd100k/train/00624,672
673,/mnt/HyperStorage_ntfs/Coding/Autonomous/model/data/bdd100k/train/00512,673
674,/mnt/HyperStorage_ntfs/Coding/Autonomous/model/data/bdd100k/train/00465,674
675,/mnt/HyperStorage_ntfs/Coding/Autonomous/model/data/bdd100k/train/00170,675
676,/mnt/HyperStorage_ntfs/Coding/Autonomous/model/data/bdd100k/train/00671,676
677,/mnt/HyperStorage_ntfs/Coding/Autonomous/model/data/bdd100k/train/00934,677
678,/mnt/HyperStorage_ntfs/Coding/Autonomous/model/data/bdd100k/train/00723,678
679,/mnt/HyperStorage_ntfs/Coding/Autonomous/model/data/bdd100k/train/00992,679
680,/mnt/HyperStorage_ntfs/Coding/Autonomous/model/data/bdd100k/train/01397,680
681,/mnt/HyperStorage_ntfs/Coding/Autonomous/model/data/bdd100k/train/00667,681
682,/mnt/HyperStorage_ntfs/Coding/Autonomous/model/data/bdd100k/train/00432,682
683,/mnt/HyperStorage_ntfs/Coding/Autonomous/model/data/bdd100k/train/00037,683
684,/mnt/HyperStorage_ntfs/Coding/Autonomous/model/data/bdd100k/train/00068,684
685,/mnt/HyperStorage_ntfs/Coding/Autonomous/model/data/bdd100k/train/00890,685
686,/mnt/HyperStorage_ntfs/Coding/Autonomous/model/data/bdd100k/train/00579,686
687,/mnt/HyperStorage_ntfs/Coding/Autonomous/model/data/bdd100k/train/00314,687
688,/mnt/HyperStorage_ntfs/Coding/Autonomous/model/data/bdd100k/train/00847,688
689,/mnt/HyperStorage_ntfs/Coding/Autonomous/model/data/bdd100k/train/01205,689
690,/mnt/HyperStorage_ntfs/Coding/Autonomous/model/data/bdd100k/train/00931,690
691,/mnt/HyperStorage_ntfs/Coding/Autonomous/model/data/bdd100k/train/00576,691
692,/mnt/HyperStorage_ntfs/Coding/Autonomous/model/data/bdd100k/train/01292,692
693,/mnt/HyperStorage_ntfs/Coding/Autonomous/model/data/bdd100k/train/00575,693
694,/mnt/HyperStorage_ntfs/Coding/Autonomous/model/data/bdd100k/train/01129,694
695,/mnt/HyperStorage_ntfs/Coding/Autonomous/model/data/bdd100k/train/00762,695
696,/mnt/HyperStorage_ntfs/Coding/Autonomous/model/data/bdd100k/train/00259,696
697,/mnt/HyperStorage_ntfs/Coding/Autonomous/model/data/bdd100k/train/00190,697
698,/mnt/HyperStorage_ntfs/Coding/Autonomous/model/data/bdd100k/train/01359,698
699,/mnt/HyperStorage_ntfs/Coding/Autonomous/model/data/bdd100k/train/00308,699
700,/mnt/HyperStorage_ntfs/Coding/Autonomous/model/data/bdd100k/train/00709,700
701,/mnt/HyperStorage_ntfs/Coding/Autonomous/model/data/bdd100k/train/00851,701
702,/mnt/HyperStorage_ntfs/Coding/Autonomous/model/data/bdd100k/train/00733,702
703,/mnt/HyperStorage_ntfs/Coding/Autonomous/model/data/bdd100k/train/00040,703
704,/mnt/HyperStorage_ntfs/Coding/Autonomous/model/data/bdd100k/train/00064,704
705,/mnt/HyperStorage_ntfs/Coding/Autonomous/model/data/bdd100k/train/00391,705
706,/mnt/HyperStorage_ntfs/Coding/Autonomous/model/data/bdd100k/train/00753,706
707,/mnt/HyperStorage_ntfs/Coding/Autonomous/model/data/bdd100k/train/00176,707
708,/mnt/HyperStorage_ntfs/Coding/Autonomous/model/data/bdd100k/train/00427,708
709,/mnt/HyperStorage_ntfs/Coding/Autonomous/model/data/bdd100k/train/00415,709
710,/mnt/HyperStorage_ntfs/Coding/Autonomous/model/data/bdd100k/train/00987,710
711,/mnt/HyperStorage_ntfs/Coding/Autonomous/model/data/bdd100k/train/00856,711
712,/mnt/HyperStorage_ntfs/Coding/Autonomous/model/data/bdd100k/train/00181,712
713,/mnt/HyperStorage_ntfs/Coding/Autonomous/model/data/bdd100k/train/00348,713
714,/mnt/HyperStorage_ntfs/Coding/Autonomous/model/data/bdd100k/train/01355,714
715,/mnt/HyperStorage_ntfs/Coding/Autonomous/model/data/bdd100k/train/00285,715
716,/mnt/HyperStorage_ntfs/Coding/Autonomous/model/data/bdd100k/train/01317,716
717,/mnt/HyperStorage_ntfs/Coding/Autonomous/model/data/bdd100k/train/00605,717
718,/mnt/HyperStorage_ntfs/Coding/Autonomous/model/data/bdd100k/train/01021,718
719,/mnt/HyperStorage_ntfs/Coding/Autonomous/model/data/bdd100k/train/00177,719
720,/mnt/HyperStorage_ntfs/Coding/Autonomous/model/data/bdd100k/train/01132,720
721,/mnt/HyperStorage_ntfs/Coding/Autonomous/model/data/bdd100k/train/00661,721
722,/mnt/HyperStorage_ntfs/Coding/Autonomous/model/data/bdd100k/train/01168,722
723,/mnt/HyperStorage_ntfs/Coding/Autonomous/model/data/bdd100k/train/01130,723
724,/mnt/HyperStorage_ntfs/Coding/Autonomous/model/data/bdd100k/train/00828,724
725,/mnt/HyperStorage_ntfs/Coding/Autonomous/model/data/bdd100k/train/01316,725
726,/mnt/HyperStorage_ntfs/Coding/Autonomous/model/data/bdd100k/train/00694,726
727,/mnt/HyperStorage_ntfs/Coding/Autonomous/model/data/bdd100k/train/00036,727
728,/mnt/HyperStorage_ntfs/Coding/Autonomous/model/data/bdd100k/train/01333,728
729,/mnt/HyperStorage_ntfs/Coding/Autonomous/model/data/bdd100k/train/00705,729
730,/mnt/HyperStorage_ntfs/Coding/Autonomous/model/data/bdd100k/train/01089,730
731,/mnt/HyperStorage_ntfs/Coding/Autonomous/model/data/bdd100k/train/00599,731
732,/mnt/HyperStorage_ntfs/Coding/Autonomous/model/data/bdd100k/train/00212,732
733,/mnt/HyperStorage_ntfs/Coding/Autonomous/model/data/bdd100k/train/00318,733
734,/mnt/HyperStorage_ntfs/Coding/Autonomous/model/data/bdd100k/train/01378,734
735,/mnt/HyperStorage_ntfs/Coding/Autonomous/model/data/bdd100k/train/00768,735
736,/mnt/HyperStorage_ntfs/Coding/Autonomous/model/data/bdd100k/train/00995,736
737,/mnt/HyperStorage_ntfs/Coding/Autonomous/model/data/bdd100k/train/01094,737
738,/mnt/HyperStorage_ntfs/Coding/Autonomous/model/data/bdd100k/train/00716,738
739,/mnt/HyperStorage_ntfs/Coding/Autonomous/model/data/bdd100k/train/00380,739
740,/mnt/HyperStorage_ntfs/Coding/Autonomous/model/data/bdd100k/train/00041,740
741,/mnt/HyperStorage_ntfs/Coding/Autonomous/model/data/bdd100k/train/00291,741
742,/mnt/HyperStorage_ntfs/Coding/Autonomous/model/data/bdd100k/train/00279,742
743,/mnt/HyperStorage_ntfs/Coding/Autonomous/model/data/bdd100k/train/00653,743
744,/mnt/HyperStorage_ntfs/Coding/Autonomous/model/data/bdd100k/train/01377,744
745,/mnt/HyperStorage_ntfs/Coding/Autonomous/model/data/bdd100k/train/01006,745
746,/mnt/HyperStorage_ntfs/Coding/Autonomous/model/data/bdd100k/train/00901,746
747,/mnt/HyperStorage_ntfs/Coding/Autonomous/model/data/bdd100k/train/00049,747
748,/mnt/HyperStorage_ntfs/Coding/Autonomous/model/data/bdd100k/train/00448,748
749,/mnt/HyperStorage_ntfs/Coding/Autonomous/model/data/bdd100k/train/00082,749
750,/mnt/HyperStorage_ntfs/Coding/Autonomous/model/data/bdd100k/train/00516,750
751,/mnt/HyperStorage_ntfs/Coding/Autonomous/model/data/bdd100k/train/00673,751
752,/mnt/HyperStorage_ntfs/Coding/Autonomous/model/data/bdd100k/train/00096,752
753,/mnt/HyperStorage_ntfs/Coding/Autonomous/model/data/bdd100k/train/00048,753
754,/mnt/HyperStorage_ntfs/Coding/Autonomous/model/data/bdd100k/train/00933,754
755,/mnt/HyperStorage_ntfs/Coding/Autonomous/model/data/bdd100k/train/01323,755
756,/mnt/HyperStorage_ntfs/Coding/Autonomous/model/data/bdd100k/train/00758,756
757,/mnt/HyperStorage_ntfs/Coding/Autonomous/model/data/bdd100k/train/00937,757
758,/mnt/HyperStorage_ntfs/Coding/Autonomous/model/data/bdd100k/train/01117,758
759,/mnt/HyperStorage_ntfs/Coding/Autonomous/model/data/bdd100k/train/00534,759
760,/mnt/HyperStorage_ntfs/Coding/Autonomous/model/data/bdd100k/train/00379,760
761,/mnt/HyperStorage_ntfs/Coding/Autonomous/model/data/bdd100k/train/00028,761
762,/mnt/HyperStorage_ntfs/Coding/Autonomous/model/data/bdd100k/train/00011,762
763,/mnt/HyperStorage_ntfs/Coding/Autonomous/model/data/bdd100k/train/00138,763
764,/mnt/HyperStorage_ntfs/Coding/Autonomous/model/data/bdd100k/train/01229,764
765,/mnt/HyperStorage_ntfs/Coding/Autonomous/model/data/bdd100k/train/01238,765
766,/mnt/HyperStorage_ntfs/Coding/Autonomous/model/data/bdd100k/train/00149,766
767,/mnt/HyperStorage_ntfs/Coding/Autonomous/model/data/bdd100k/train/01133,767
768,/mnt/HyperStorage_ntfs/Coding/Autonomous/model/data/bdd100k/train/00857,768
769,/mnt/HyperStorage_ntfs/Coding/Autonomous/model/data/bdd100k/train/00895,769
770,/mnt/HyperStorage_ntfs/Coding/Autonomous/model/data/bdd100k/train/00113,770
771,/mnt/HyperStorage_ntfs/Coding/Autonomous/model/data/bdd100k/train/00541,771
772,/mnt/HyperStorage_ntfs/Coding/Autonomous/model/data/bdd100k/train/00150,772
773,/mnt/HyperStorage_ntfs/Coding/Autonomous/model/data/bdd100k/train/00111,773
774,/mnt/HyperStorage_ntfs/Coding/Autonomous/model/data/bdd100k/train/01042,774
775,/mnt/HyperStorage_ntfs/Coding/Autonomous/model/data/bdd100k/train/00842,775
776,/mnt/HyperStorage_ntfs/Coding/Autonomous/model/data/bdd100k/train/00490,776
777,/mnt/HyperStorage_ntfs/Coding/Autonomous/model/data/bdd100k/train/01266,777
778,/mnt/HyperStorage_ntfs/Coding/Autonomous/model/data/bdd100k/train/00626,778
779,/mnt/HyperStorage_ntfs/Coding/Autonomous/model/data/bdd100k/train/00221,779
780,/mnt/HyperStorage_ntfs/Coding/Autonomous/model/data/bdd100k/train/00209,780
781,/mnt/HyperStorage_ntfs/Coding/Autonomous/model/data/bdd100k/train/00513,781
782,/mnt/HyperStorage_ntfs/Coding/Autonomous/model/data/bdd100k/train/00106,782
783,/mnt/HyperStorage_ntfs/Coding/Autonomous/model/data/bdd100k/train/00073,783
784,/mnt/HyperStorage_ntfs/Coding/Autonomous/model/data/bdd100k/train/01145,784
785,/mnt/HyperStorage_ntfs/Coding/Autonomous/model/data/bdd100k/train/00848,785
786,/mnt/HyperStorage_ntfs/Coding/Autonomous/model/data/bdd100k/train/00413,786
787,/mnt/HyperStorage_ntfs/Coding/Autonomous/model/data/bdd100k/train/01023,787
788,/mnt/HyperStorage_ntfs/Coding/Autonomous/model/data/bdd100k/train/00030,788
789,/mnt/HyperStorage_ntfs/Coding/Autonomous/model/data/bdd100k/train/00476,789
790,/mnt/HyperStorage_ntfs/Coding/Autonomous/model/data/bdd100k/train/00528,790
791,/mnt/HyperStorage_ntfs/Coding/Autonomous/model/data/bdd100k/train/01332,791
792,/mnt/HyperStorage_ntfs/Coding/Autonomous/model/data/bdd100k/train/00508,792
793,/mnt/HyperStorage_ntfs/Coding/Autonomous/model/data/bdd100k/train/00472,793
794,/mnt/HyperStorage_ntfs/Coding/Autonomous/model/data/bdd100k/train/00506,794
795,/mnt/HyperStorage_ntfs/Coding/Autonomous/model/data/bdd100k/train/00756,795
796,/mnt/HyperStorage_ntfs/Coding/Autonomous/model/data/bdd100k/train/00296,796
797,/mnt/HyperStorage_ntfs/Coding/Autonomous/model/data/bdd100k/train/01058,797
798,/mnt/HyperStorage_ntfs/Coding/Autonomous/model/data/bdd100k/train/00540,798
799,/mnt/HyperStorage_ntfs/Coding/Autonomous/model/data/bdd100k/train/00989,799
800,/mnt/HyperStorage_ntfs/Coding/Autonomous/model/data/bdd100k/train/00913,800
801,/mnt/HyperStorage_ntfs/Coding/Autonomous/model/data/bdd100k/train/00293,801
802,/mnt/HyperStorage_ntfs/Coding/Autonomous/model/data/bdd100k/train/00511,802
803,/mnt/HyperStorage_ntfs/Coding/Autonomous/model/data/bdd100k/train/01328,803
804,/mnt/HyperStorage_ntfs/Coding/Autonomous/model/data/bdd100k/train/00244,804
805,/mnt/HyperStorage_ntfs/Coding/Autonomous/model/data/bdd100k/train/00834,805
806,/mnt/HyperStorage_ntfs/Coding/Autonomous/model/data/bdd100k/train/00751,806
807,/mnt/HyperStorage_ntfs/Coding/Autonomous/model/data/bdd100k/train/01379,807
808,/mnt/HyperStorage_ntfs/Coding/Autonomous/model/data/bdd100k/train/01163,808
809,/mnt/HyperStorage_ntfs/Coding/Autonomous/model/data/bdd100k/train/00973,809
810,/mnt/HyperStorage_ntfs/Coding/Autonomous/model/data/bdd100k/train/00915,810
811,/mnt/HyperStorage_ntfs/Coding/Autonomous/model/data/bdd100k/train/00306,811
812,/mnt/HyperStorage_ntfs/Coding/Autonomous/model/data/bdd100k/train/01028,812
813,/mnt/HyperStorage_ntfs/Coding/Autonomous/model/data/bdd100k/train/01218,813
814,/mnt/HyperStorage_ntfs/Coding/Autonomous/model/data/bdd100k/train/00908,814
815,/mnt/HyperStorage_ntfs/Coding/Autonomous/model/data/bdd100k/train/01024,815
816,/mnt/HyperStorage_ntfs/Coding/Autonomous/model/data/bdd100k/train/00960,816
817,/mnt/HyperStorage_ntfs/Coding/Autonomous/model/data/bdd100k/train/00607,817
818,/mnt/HyperStorage_ntfs/Coding/Autonomous/model/data/bdd100k/train/00760,818
819,/mnt/HyperStorage_ntfs/Coding/Autonomous/model/data/bdd100k/train/01338,819
820,/mnt/HyperStorage_ntfs/Coding/Autonomous/model/data/bdd100k/train/01119,820
821,/mnt/HyperStorage_ntfs/Coding/Autonomous/model/data/bdd100k/train/00249,821
822,/mnt/HyperStorage_ntfs/Coding/Autonomous/model/data/bdd100k/train/00614,822
823,/mnt/HyperStorage_ntfs/Coding/Autonomous/model/data/bdd100k/train/01278,823
824,/mnt/HyperStorage_ntfs/Coding/Autonomous/model/data/bdd100k/train/00443,824
825,/mnt/HyperStorage_ntfs/Coding/Autonomous/model/data/bdd100k/train/01185,825
826,/mnt/HyperStorage_ntfs/Coding/Autonomous/model/data/bdd100k/train/00745,826
827,/mnt/HyperStorage_ntfs/Coding/Autonomous/model/data/bdd100k/train/00483,827
828,/mnt/HyperStorage_ntfs/Coding/Autonomous/model/data/bdd100k/train/00404,828
829,/mnt/HyperStorage_ntfs/Coding/Autonomous/model/data/bdd100k/train/01183,829
830,/mnt/HyperStorage_ntfs/Coding/Autonomous/model/data/bdd100k/train/00786,830
831,/mnt/HyperStorage_ntfs/Coding/Autonomous/model/data/bdd100k/train/00686,831
832,/mnt/HyperStorage_ntfs/Coding/Autonomous/model/data/bdd100k/train/00074,832
833,/mnt/HyperStorage_ntfs/Coding/Autonomous/model/data/bdd100k/train/00600,833
834,/mnt/HyperStorage_ntfs/Coding/Autonomous/model/data/bdd100k/train/00950,834
835,/mnt/HyperStorage_ntfs/Coding/Autonomous/model/data/bdd100k/train/00977,835
836,/mnt/HyperStorage_ntfs/Coding/Autonomous/model/data/bdd100k/train/00329,836
837,/mnt/HyperStorage_ntfs/Coding/Autonomous/model/data/bdd100k/train/01312,837
838,/mnt/HyperStorage_ntfs/Coding/Autonomous/model/data/bdd100k/train/00130,838
839,/mnt/HyperStorage_ntfs/Coding/Autonomous/model/data/bdd100k/train/00213,839
840,/mnt/HyperStorage_ntfs/Coding/Autonomous/model/data/bdd100k/train/00999,840
841,/mnt/HyperStorage_ntfs/Coding/Autonomous/model/data/bdd100k/train/00531,841
842,/mnt/HyperStorage_ntfs/Coding/Autonomous/model/data/bdd100k/train/00917,842
843,/mnt/HyperStorage_ntfs/Coding/Autonomous/model/data/bdd100k/train/00964,843
844,/mnt/HyperStorage_ntfs/Coding/Autonomous/model/data/bdd100k/train/00954,844
845,/mnt/HyperStorage_ntfs/Coding/Autonomous/model/data/bdd100k/train/00085,845
846,/mnt/HyperStorage_ntfs/Coding/Autonomous/model/data/bdd100k/train/00228,846
847,/mnt/HyperStorage_ntfs/Coding/Autonomous/model/data/bdd100k/train/01298,847
848,/mnt/HyperStorage_ntfs/Coding/Autonomous/model/data/bdd100k/train/00527,848
849,/mnt/HyperStorage_ntfs/Coding/Autonomous/model/data/bdd100k/train/00094,849
850,/mnt/HyperStorage_ntfs/Coding/Autonomous/model/data/bdd100k/train/01273,850
851,/mnt/HyperStorage_ntfs/Coding/Autonomous/model/data/bdd100k/train/00641,851
852,/mnt/HyperStorage_ntfs/Coding/Autonomous/model/data/bdd100k/train/01087,852
853,/mnt/HyperStorage_ntfs/Coding/Autonomous/model/data/bdd100k/train/00222,853
854,/mnt/HyperStorage_ntfs/Coding/Autonomous/model/data/bdd100k/train/00115,854
855,/mnt/HyperStorage_ntfs/Coding/Autonomous/model/data/bdd100k/train/00595,855
856,/mnt/HyperStorage_ntfs/Coding/Autonomous/model/data/bdd100k/train/01016,856
857,/mnt/HyperStorage_ntfs/Coding/Autonomous/model/data/bdd100k/train/00906,857
858,/mnt/HyperStorage_ntfs/Coding/Autonomous/model/data/bdd100k/train/00292,858
859,/mnt/HyperStorage_ntfs/Coding/Autonomous/model/data/bdd100k/train/01221,859
860,/mnt/HyperStorage_ntfs/Coding/Autonomous/model/data/bdd100k/train/00645,860
861,/mnt/HyperStorage_ntfs/Coding/Autonomous/model/data/bdd100k/train/00602,861
862,/mnt/HyperStorage_ntfs/Coding/Autonomous/model/data/bdd100k/train/01033,862
863,/mnt/HyperStorage_ntfs/Coding/Autonomous/model/data/bdd100k/train/00802,863
864,/mnt/HyperStorage_ntfs/Coding/Autonomous/model/data/bdd100k/train/00611,864
865,/mnt/HyperStorage_ntfs/Coding/Autonomous/model/data/bdd100k/train/00770,865
866,/mnt/HyperStorage_ntfs/Coding/Autonomous/model/data/bdd100k/train/00963,866
867,/mnt/HyperStorage_ntfs/Coding/Autonomous/model/data/bdd100k/train/01174,867
868,/mnt/HyperStorage_ntfs/Coding/Autonomous/model/data/bdd100k/train/00916,868
869,/mnt/HyperStorage_ntfs/Coding/Autonomous/model/data/bdd100k/train/00211,869
870,/mnt/HyperStorage_ntfs/Coding/Autonomous/model/data/bdd100k/train/00738,870
871,/mnt/HyperStorage_ntfs/Coding/Autonomous/model/data/bdd100k/train/00793,871
872,/mnt/HyperStorage_ntfs/Coding/Autonomous/model/data/bdd100k/train/00101,872
873,/mnt/HyperStorage_ntfs/Coding/Autonomous/model/data/bdd100k/train/01078,873
874,/mnt/HyperStorage_ntfs/Coding/Autonomous/model/data/bdd100k/train/00561,874
875,/mnt/HyperStorage_ntfs/Coding/Autonomous/model/data/bdd100k/train/01182,875
876,/mnt/HyperStorage_ntfs/Coding/Autonomous/model/data/bdd100k/train/00948,876
877,/mnt/HyperStorage_ntfs/Coding/Autonomous/model/data/bdd100k/train/00325,877
878,/mnt/HyperStorage_ntfs/Coding/Autonomous/model/data/bdd100k/train/00941,878
879,/mnt/HyperStorage_ntfs/Coding/Autonomous/model/data/bdd100k/train/00278,879
880,/mnt/HyperStorage_ntfs/Coding/Autonomous/model/data/bdd100k/train/00039,880
881,/mnt/HyperStorage_ntfs/Coding/Autonomous/model/data/bdd100k/train/00627,881
882,/mnt/HyperStorage_ntfs/Coding/Autonomous/model/data/bdd100k/train/00349,882
883,/mnt/HyperStorage_ntfs/Coding/Autonomous/model/data/bdd100k/train/01242,883
884,/mnt/HyperStorage_ntfs/Coding/Autonomous/model/data/bdd100k/train/00593,884
885,/mnt/HyperStorage_ntfs/Coding/Autonomous/model/data/bdd100k/train/00385,885
886,/mnt/HyperStorage_ntfs/Coding/Autonomous/model/data/bdd100k/train/00644,886
887,/mnt/HyperStorage_ntfs/Coding/Autonomous/model/data/bdd100k/train/00302,887
888,/mnt/HyperStorage_ntfs/Coding/Autonomous/model/data/bdd100k/train/00102,888
889,/mnt/HyperStorage_ntfs/Coding/Autonomous/model/data/bdd100k/train/01400,889
890,/mnt/HyperStorage_ntfs/Coding/Autonomous/model/data/bdd100k/train/01139,890
891,/mnt/HyperStorage_ntfs/Coding/Autonomous/model/data/bdd100k/train/00855,891
892,/mnt/HyperStorage_ntfs/Coding/Autonomous/model/data/bdd100k/train/00005,892
893,/mnt/HyperStorage_ntfs/Coding/Autonomous/model/data/bdd100k/train/00135,893
894,/mnt/HyperStorage_ntfs/Coding/Autonomous/model/data/bdd100k/train/00077,894
895,/mnt/HyperStorage_ntfs/Coding/Autonomous/model/data/bdd100k/train/00726,895
896,/mnt/HyperStorage_ntfs/Coding/Autonomous/model/data/bdd100k/train/01376,896
897,/mnt/HyperStorage_ntfs/Coding/Autonomous/model/data/bdd100k/train/00274,897
898,/mnt/HyperStorage_ntfs/Coding/Autonomous/model/data/bdd100k/train/00139,898
899,/mnt/HyperStorage_ntfs/Coding/Autonomous/model/data/bdd100k/train/01184,899
900,/mnt/HyperStorage_ntfs/Coding/Autonomous/model/data/bdd100k/train/01152,900
901,/mnt/HyperStorage_ntfs/Coding/Autonomous/model/data/bdd100k/train/00554,901
902,/mnt/HyperStorage_ntfs/Coding/Autonomous/model/data/bdd100k/train/01390,902
903,/mnt/HyperStorage_ntfs/Coding/Autonomous/model/data/bdd100k/train/00158,903
904,/mnt/HyperStorage_ntfs/Coding/Autonomous/model/data/bdd100k/train/00597,904
905,/mnt/HyperStorage_ntfs/Coding/Autonomous/model/data/bdd100k/train/00047,905
906,/mnt/HyperStorage_ntfs/Coding/Autonomous/model/data/bdd100k/train/00208,906
907,/mnt/HyperStorage_ntfs/Coding/Autonomous/model/data/bdd100k/train/00090,907
908,/mnt/HyperStorage_ntfs/Coding/Autonomous/model/data/bdd100k/train/00845,908
909,/mnt/HyperStorage_ntfs/Coding/Autonomous/model/data/bdd100k/train/00480,909
910,/mnt/HyperStorage_ntfs/Coding/Autonomous/model/data/bdd100k/train/00719,910
911,/mnt/HyperStorage_ntfs/Coding/Autonomous/model/data/bdd100k/train/00119,911
912,/mnt/HyperStorage_ntfs/Coding/Autonomous/model/data/bdd100k/train/00824,912
913,/mnt/HyperStorage_ntfs/Coding/Autonomous/model/data/bdd100k/train/00672,913
914,/mnt/HyperStorage_ntfs/Coding/Autonomous/model/data/bdd100k/train/00376,914
915,/mnt/HyperStorage_ntfs/Coding/Autonomous/model/data/bdd100k/train/00108,915
916,/mnt/HyperStorage_ntfs/Coding/Autonomous/model/data/bdd100k/train/00778,916
917,/mnt/HyperStorage_ntfs/Coding/Autonomous/model/data/bdd100k/train/01060,917
918,/mnt/HyperStorage_ntfs/Coding/Autonomous/model/data/bdd100k/train/00690,918
919,/mnt/HyperStorage_ntfs/Coding/Autonomous/model/data/bdd100k/train/00888,919
920,/mnt/HyperStorage_ntfs/Coding/Autonomous/model/data/bdd100k/train/01322,920
921,/mnt/HyperStorage_ntfs/Coding/Autonomous/model/data/bdd100k/train/00016,921
922,/mnt/HyperStorage_ntfs/Coding/Autonomous/model/data/bdd100k/train/00156,922
923,/mnt/HyperStorage_ntfs/Coding/Autonomous/model/data/bdd100k/train/00891,923
924,/mnt/HyperStorage_ntfs/Coding/Autonomous/model/data/bdd100k/train/00725,924
925,/mnt/HyperStorage_ntfs/Coding/Autonomous/model/data/bdd100k/train/00695,925
926,/mnt/HyperStorage_ntfs/Coding/Autonomous/model/data/bdd100k/train/00216,926
927,/mnt/HyperStorage_ntfs/Coding/Autonomous/model/data/bdd100k/train/00896,927
928,/mnt/HyperStorage_ntfs/Coding/Autonomous/model/data/bdd100k/train/01105,928
929,/mnt/HyperStorage_ntfs/Coding/Autonomous/model/data/bdd100k/train/00471,929
930,/mnt/HyperStorage_ntfs/Coding/Autonomous/model/data/bdd100k/train/01202,930
931,/mnt/HyperStorage_ntfs/Coding/Autonomous/model/data/bdd100k/train/00194,931
932,/mnt/HyperStorage_ntfs/Coding/Autonomous/model/data/bdd100k/train/00608,932
933,/mnt/HyperStorage_ntfs/Coding/Autonomous/model/data/bdd100k/train/00151,933
934,/mnt/HyperStorage_ntfs/Coding/Autonomous/model/data/bdd100k/train/00577,934
935,/mnt/HyperStorage_ntfs/Coding/Autonomous/model/data/bdd100k/train/00299,935
936,/mnt/HyperStorage_ntfs/Coding/Autonomous/model/data/bdd100k/train/00655,936
937,/mnt/HyperStorage_ntfs/Coding/Autonomous/model/data/bdd100k/train/00365,937
938,/mnt/HyperStorage_ntfs/Coding/Autonomous/model/data/bdd100k/train/00893,938
939,/mnt/HyperStorage_ntfs/Coding/Autonomous/model/data/bdd100k/train/00525,939
940,/mnt/HyperStorage_ntfs/Coding/Autonomous/model/data/bdd100k/train/01350,940
941,/mnt/HyperStorage_ntfs/Coding/Autonomous/model/data/bdd100k/train/01354,941
942,/mnt/HyperStorage_ntfs/Coding/Autonomous/model/data/bdd100k/train/00093,942
943,/mnt/HyperStorage_ntfs/Coding/Autonomous/model/data/bdd100k/train/00267,943
944,/mnt/HyperStorage_ntfs/Coding/Autonomous/model/data/bdd100k/train/00396,944
945,/mnt/HyperStorage_ntfs/Coding/Autonomous/model/data/bdd100k/train/00740,945
946,/mnt/HyperStorage_ntfs/Coding/Autonomous/model/data/bdd100k/train/00750,946
947,/mnt/HyperStorage_ntfs/Coding/Autonomous/model/data/bdd100k/train/00867,947
948,/mnt/HyperStorage_ntfs/Coding/Autonomous/model/data/bdd100k/train/00833,948
949,/mnt/HyperStorage_ntfs/Coding/Autonomous/model/data/bdd100k/train/00612,949
950,/mnt/HyperStorage_ntfs/Coding/Autonomous/model/data/bdd100k/train/01104,950
951,/mnt/HyperStorage_ntfs/Coding/Autonomous/model/data/bdd100k/train/00264,951
952,/mnt/HyperStorage_ntfs/Coding/Autonomous/model/data/bdd100k/train/00489,952
953,/mnt/HyperStorage_ntfs/Coding/Autonomous/model/data/bdd100k/train/00350,953
954,/mnt/HyperStorage_ntfs/Coding/Autonomous/model/data/bdd100k/train/00407,954
955,/mnt/HyperStorage_ntfs/Coding/Autonomous/model/data/bdd100k/train/00732,955
956,/mnt/HyperStorage_ntfs/Coding/Autonomous/model/data/bdd100k/train/00884,956
957,/mnt/HyperStorage_ntfs/Coding/Autonomous/model/data/bdd100k/train/00859,957
958,/mnt/HyperStorage_ntfs/Coding/Autonomous/model/data/bdd100k/train/01092,958
959,/mnt/HyperStorage_ntfs/Coding/Autonomous/model/data/bdd100k/train/00850,959
960,/mnt/HyperStorage_ntfs/Coding/Autonomous/model/data/bdd100k/train/00955,960
961,/mnt/HyperStorage_ntfs/Coding/Autonomous/model/data/bdd100k/train/00023,961
962,/mnt/HyperStorage_ntfs/Coding/Autonomous/model/data/bdd100k/train/01247,962
963,/mnt/HyperStorage_ntfs/Coding/Autonomous/model/data/bdd100k/train/00171,963
964,/mnt/HyperStorage_ntfs/Coding/Autonomous/model/data/bdd100k/train/00536,964
965,/mnt/HyperStorage_ntfs/Coding/Autonomous/model/data/bdd100k/train/01085,965
966,/mnt/HyperStorage_ntfs/Coding/Autonomous/model/data/bdd100k/train/01277,966
967,/mnt/HyperStorage_ntfs/Coding/Autonomous/model/data/bdd100k/train/01313,967
968,/mnt/HyperStorage_ntfs/Coding/Autonomous/model/data/bdd100k/train/01065,968
969,/mnt/HyperStorage_ntfs/Coding/Autonomous/model/data/bdd100k/train/00629,969
970,/mnt/HyperStorage_ntfs/Coding/Autonomous/model/data/bdd100k/train/00622,970
971,/mnt/HyperStorage_ntfs/Coding/Autonomous/model/data/bdd100k/train/00392,971
972,/mnt/HyperStorage_ntfs/Coding/Autonomous/model/data/bdd100k/train/00454,972
973,/mnt/HyperStorage_ntfs/Coding/Autonomous/model/data/bdd100k/train/00207,973
974,/mnt/HyperStorage_ntfs/Coding/Autonomous/model/data/bdd100k/train/00038,974
975,/mnt/HyperStorage_ntfs/Coding/Autonomous/model/data/bdd100k/train/01126,975
976,/mnt/HyperStorage_ntfs/Coding/Autonomous/model/data/bdd100k/train/00446,976
977,/mnt/HyperStorage_ntfs/Coding/Autonomous/model/data/bdd100k/train/01198,977
978,/mnt/HyperStorage_ntfs/Coding/Autonomous/model/data/bdd100k/train/00341,978
979,/mnt/HyperStorage_ntfs/Coding/Autonomous/model/data/bdd100k/train/00316,979
980,/mnt/HyperStorage_ntfs/Coding/Autonomous/model/data/bdd100k/train/00843,980
981,/mnt/HyperStorage_ntfs/Coding/Autonomous/model/data/bdd100k/train/00736,981
982,/mnt/HyperStorage_ntfs/Coding/Autonomous/model/data/bdd100k/train/00923,982
983,/mnt/HyperStorage_ntfs/Coding/Autonomous/model/data/bdd100k/train/00819,983
984,/mnt/HyperStorage_ntfs/Coding/Autonomous/model/data/bdd100k/train/01049,984
985,/mnt/HyperStorage_ntfs/Coding/Autonomous/model/data/bdd100k/train/00025,985
986,/mnt/HyperStorage_ntfs/Coding/Autonomous/model/data/bdd100k/train/00202,986
987,/mnt/HyperStorage_ntfs/Coding/Autonomous/model/data/bdd100k/train/00013,987
988,/mnt/HyperStorage_ntfs/Coding/Autonomous/model/data/bdd100k/train/01224,988
989,/mnt/HyperStorage_ntfs/Coding/Autonomous/model/data/bdd100k/train/00529,989
990,/mnt/HyperStorage_ntfs/Coding/Autonomous/model/data/bdd100k/train/01093,990
991,/mnt/HyperStorage_ntfs/Coding/Autonomous/model/data/bdd100k/train/01222,991
992,/mnt/HyperStorage_ntfs/Coding/Autonomous/model/data/bdd100k/train/00273,992
993,/mnt/HyperStorage_ntfs/Coding/Autonomous/model/data/bdd100k/train/01276,993
994,/mnt/HyperStorage_ntfs/Coding/Autonomous/model/data/bdd100k/train/00043,994
995,/mnt/HyperStorage_ntfs/Coding/Autonomous/model/data/bdd100k/train/01324,995
996,/mnt/HyperStorage_ntfs/Coding/Autonomous/model/data/bdd100k/train/00515,996
997,/mnt/HyperStorage_ntfs/Coding/Autonomous/model/data/bdd100k/train/00069,997
998,/mnt/HyperStorage_ntfs/Coding/Autonomous/model/data/bdd100k/train/00949,998
999,/mnt/HyperStorage_ntfs/Coding/Autonomous/model/data/bdd100k/train/00794,999
1000,/mnt/HyperStorage_ntfs/Coding/Autonomous/model/data/bdd100k/train/01265,1000
1001,/mnt/HyperStorage_ntfs/Coding/Autonomous/model/data/bdd100k/train/01253,1001
1002,/mnt/HyperStorage_ntfs/Coding/Autonomous/model/data/bdd100k/train/00865,1002
1003,/mnt/HyperStorage_ntfs/Coding/Autonomous/model/data/bdd100k/train/00230,1003
1004,/mnt/HyperStorage_ntfs/Coding/Autonomous/model/data/bdd100k/train/00538,1004
1005,/mnt/HyperStorage_ntfs/Coding/Autonomous/model/data/bdd100k/train/00239,1005
1006,/mnt/HyperStorage_ntfs/Coding/Autonomous/model/data/bdd100k/train/00395,1006
1007,/mnt/HyperStorage_ntfs/Coding/Autonomous/model/data/bdd100k/train/01014,1007
1008,/mnt/HyperStorage_ntfs/Coding/Autonomous/model/data/bdd100k/train/01369,1008
1009,/mnt/HyperStorage_ntfs/Coding/Autonomous/model/data/bdd100k/train/00456,1009
1010,/mnt/HyperStorage_ntfs/Coding/Autonomous/model/data/bdd100k/train/00872,1010
1011,/mnt/HyperStorage_ntfs/Coding/Autonomous/model/data/bdd100k/train/00752,1011
1012,/mnt/HyperStorage_ntfs/Coding/Autonomous/model/data/bdd100k/train/00370,1012
1013,/mnt/HyperStorage_ntfs/Coding/Autonomous/model/data/bdd100k/train/01177,1013
1014,/mnt/HyperStorage_ntfs/Coding/Autonomous/model/data/bdd100k/train/00744,1014
1015,/mnt/HyperStorage_ntfs/Coding/Autonomous/model/data/bdd100k/train/01326,1015
1016,/mnt/HyperStorage_ntfs/Coding/Autonomous/model/data/bdd100k/train/00571,1016
1017,/mnt/HyperStorage_ntfs/Coding/Autonomous/model/data/bdd100k/train/00971,1017
1018,/mnt/HyperStorage_ntfs/Coding/Autonomous/model/data/bdd100k/train/00552,1018
1019,/mnt/HyperStorage_ntfs/Coding/Autonomous/model/data/bdd100k/train/01334,1019
1020,/mnt/HyperStorage_ntfs/Coding/Autonomous/model/data/bdd100k/train/00426,1020
1021,/mnt/HyperStorage_ntfs/Coding/Autonomous/model/data/bdd100k/train/01264,1021
1022,/mnt/HyperStorage_ntfs/Coding/Autonomous/model/data/bdd100k/train/00776,1022
1023,/mnt/HyperStorage_ntfs/Coding/Autonomous/model/data/bdd100k/train/00251,1023
1024,/mnt/HyperStorage_ntfs/Coding/Autonomous/model/data/bdd100k/train/00572,1024
1025,/mnt/HyperStorage_ntfs/Coding/Autonomous/model/data/bdd100k/train/01251,1025
1026,/mnt/HyperStorage_ntfs/Coding/Autonomous/model/data/bdd100k/train/00450,1026
1027,/mnt/HyperStorage_ntfs/Coding/Autonomous/model/data/bdd100k/train/00829,1027
1028,/mnt/HyperStorage_ntfs/Coding/Autonomous/model/data/bdd100k/train/00728,1028
1029,/mnt/HyperStorage_ntfs/Coding/Autonomous/model/data/bdd100k/train/00604,1029
1030,/mnt/HyperStorage_ntfs/Coding/Autonomous/model/data/bdd100k/train/01116,1030
1031,/mnt/HyperStorage_ntfs/Coding/Autonomous/model/data/bdd100k/train/00479,1031
1032,/mnt/HyperStorage_ntfs/Coding/Autonomous/model/data/bdd100k/train/01199,1032
1033,/mnt/HyperStorage_ntfs/Coding/Autonomous/model/data/bdd100k/train/01011,1033
1034,/mnt/HyperStorage_ntfs/Coding/Autonomous/model/data/bdd100k/train/00287,1034
1035,/mnt/HyperStorage_ntfs/Coding/Autonomous/model/data/bdd100k/train/00330,1035
1036,/mnt/HyperStorage_ntfs/Coding/Autonomous/model/data/bdd100k/train/00889,1036
1037,/mnt/HyperStorage_ntfs/Coding/Autonomous/model/data/bdd100k/train/00417,1037
1038,/mnt/HyperStorage_ntfs/Coding/Autonomous/model/data/bdd100k/train/00830,1038
1039,/mnt/HyperStorage_ntfs/Coding/Autonomous/model/data/bdd100k/train/00866,1039
1040,/mnt/HyperStorage_ntfs/Coding/Autonomous/model/data/bdd100k/train/00203,1040
1041,/mnt/HyperStorage_ntfs/Coding/Autonomous/model/data/bdd100k/train/00930,1041
1042,/mnt/HyperStorage_ntfs/Coding/Autonomous/model/data/bdd100k/train/01343,1042
1043,/mnt/HyperStorage_ntfs/Coding/Autonomous/model/data/bdd100k/train/00374,1043
1044,/mnt/HyperStorage_ntfs/Coding/Autonomous/model/data/bdd100k/train/00240,1044
1045,/mnt/HyperStorage_ntfs/Coding/Autonomous/model/data/bdd100k/train/01156,1045
1046,/mnt/HyperStorage_ntfs/Coding/Autonomous/model/data/bdd100k/train/01394,1046
1047,/mnt/HyperStorage_ntfs/Coding/Autonomous/model/data/bdd100k/train/00220,1047
1048,/mnt/HyperStorage_ntfs/Coding/Autonomous/model/data/bdd100k/train/00545,1048
1049,/mnt/HyperStorage_ntfs/Coding/Autonomous/model/data/bdd100k/train/01293,1049
1050,/mnt/HyperStorage_ntfs/Coding/Autonomous/model/data/bdd100k/train/00429,1050
1051,/mnt/HyperStorage_ntfs/Coding/Autonomous/model/data/bdd100k/train/00353,1051
1052,/mnt/HyperStorage_ntfs/Coding/Autonomous/model/data/bdd100k/train/00905,1052
1053,/mnt/HyperStorage_ntfs/Coding/Autonomous/model/data/bdd100k/train/01203,1053
1054,/mnt/HyperStorage_ntfs/Coding/Autonomous/model/data/bdd100k/train/00522,1054
1055,/mnt/HyperStorage_ntfs/Coding/Autonomous/model/data/bdd100k/train/00411,1055
1056,/mnt/HyperStorage_ntfs/Coding/Autonomous/model/data/bdd100k/train/00075,1056
1057,/mnt/HyperStorage_ntfs/Coding/Autonomous/model/data/bdd100k/train/01160,1057
1058,/mnt/HyperStorage_ntfs/Coding/Autonomous/model/data/bdd100k/train/01263,1058
1059,/mnt/HyperStorage_ntfs/Coding/Autonomous/model/data/bdd100k/train/01169,1059
1060,/mnt/HyperStorage_ntfs/Coding/Autonomous/model/data/bdd100k/train/01220,1060
1061,/mnt/HyperStorage_ntfs/Coding/Autonomous/model/data/bdd100k/train/00398,1061
1062,/mnt/HyperStorage_ntfs/Coding/Autonomous/model/data/bdd100k/train/00792,1062
1063,/mnt/HyperStorage_ntfs/Coding/Autonomous/model/data/bdd100k/train/00131,1063
1064,/mnt/HyperStorage_ntfs/Coding/Autonomous/model/data/bdd100k/train/00897,1064
1065,/mnt/HyperStorage_ntfs/Coding/Autonomous/model/data/bdd100k/train/00892,1065
1066,/mnt/HyperStorage_ntfs/Coding/Autonomous/model/data/bdd100k/train/00214,1066
1067,/mnt/HyperStorage_ntfs/Coding/Autonomous/model/data/bdd100k/train/00331,1067
1068,/mnt/HyperStorage_ntfs/Coding/Autonomous/model/data/bdd100k/train/00658,1068
1069,/mnt/HyperStorage_ntfs/Coding/Autonomous/model/data/bdd100k/train/01237,1069
1070,/mnt/HyperStorage_ntfs/Coding/Autonomous/model/data/bdd100k/train/00877,1070
1071,/mnt/HyperStorage_ntfs/Coding/Autonomous/model/data/bdd100k/train/01336,1071
1072,/mnt/HyperStorage_ntfs/Coding/Autonomous/model/data/bdd100k/train/00122,1072
1073,/mnt/HyperStorage_ntfs/Coding/Autonomous/model/data/bdd100k/train/01259,1073
1074,/mnt/HyperStorage_ntfs/Coding/Autonomous/model/data/bdd100k/train/00097,1074
1075,/mnt/HyperStorage_ntfs/Coding/Autonomous/model/data/bdd100k/train/00044,1075
1076,/mnt/HyperStorage_ntfs/Coding/Autonomous/model/data/bdd100k/train/01149,1076
1077,/mnt/HyperStorage_ntfs/Coding/Autonomous/model/data/bdd100k/train/01128,1077
1078,/mnt/HyperStorage_ntfs/Coding/Autonomous/model/data/bdd100k/train/01315,1078
1079,/mnt/HyperStorage_ntfs/Coding/Autonomous/model/data/bdd100k/train/00367,1079
1080,/mnt/HyperStorage_ntfs/Coding/Autonomous/model/data/bdd100k/train/01067,1080
1081,/mnt/HyperStorage_ntfs/Coding/Autonomous/model/data/bdd100k/train/00474,1081
1082,/mnt/HyperStorage_ntfs/Coding/Autonomous/model/data/bdd100k/train/00640,1082
1083,/mnt/HyperStorage_ntfs/Coding/Autonomous/model/data/bdd100k/train/01118,1083
1084,/mnt/HyperStorage_ntfs/Coding/Autonomous/model/data/bdd100k/train/00180,1084
1085,/mnt/HyperStorage_ntfs/Coding/Autonomous/model/data/bdd100k/train/00319,1085
1086,/mnt/HyperStorage_ntfs/Coding/Autonomous/model/data/bdd100k/train/01081,1086
1087,/mnt/HyperStorage_ntfs/Coding/Autonomous/model/data/bdd100k/train/00996,1087
1088,/mnt/HyperStorage_ntfs/Coding/Autonomous/model/data/bdd100k/train/00289,1088
1089,/mnt/HyperStorage_ntfs/Coding/Autonomous/model/data/bdd100k/train/01192,1089
1090,/mnt/HyperStorage_ntfs/Coding/Autonomous/model/data/bdd100k/train/00042,1090
1091,/mnt/HyperStorage_ntfs/Coding/Autonomous/model/data/bdd100k/train/00696,1091
1092,/mnt/HyperStorage_ntfs/Coding/Autonomous/model/data/bdd100k/train/00080,1092
1093,/mnt/HyperStorage_ntfs/Coding/Autonomous/model/data/bdd100k/train/00497,1093
1094,/mnt/HyperStorage_ntfs/Coding/Autonomous/model/data/bdd100k/train/00680,1094
1095,/mnt/HyperStorage_ntfs/Coding/Autonomous/model/data/bdd100k/train/01211,1095
1096,/mnt/HyperStorage_ntfs/Coding/Autonomous/model/data/bdd100k/train/01200,1096
1097,/mnt/HyperStorage_ntfs/Coding/Autonomous/model/data/bdd100k/train/01295,1097
1098,/mnt/HyperStorage_ntfs/Coding/Autonomous/model/data/bdd100k/train/00120,1098
1099,/mnt/HyperStorage_ntfs/Coding/Autonomous/model/data/bdd100k/train/01056,1099
1100,/mnt/HyperStorage_ntfs/Coding/Autonomous/model/data/bdd100k/train/01151,1100
1101,/mnt/HyperStorage_ntfs/Coding/Autonomous/model/data/bdd100k/train/00403,1101
1102,/mnt/HyperStorage_ntfs/Coding/Autonomous/model/data/bdd100k/train/01102,1102
1103,/mnt/HyperStorage_ntfs/Coding/Autonomous/model/data/bdd100k/train/00452,1103
1104,/mnt/HyperStorage_ntfs/Coding/Autonomous/model/data/bdd100k/train/00944,1104
1105,/mnt/HyperStorage_ntfs/Coding/Autonomous/model/data/bdd100k/train/01280,1105
1106,/mnt/HyperStorage_ntfs/Coding/Autonomous/model/data/bdd100k/train/00874,1106
1107,/mnt/HyperStorage_ntfs/Coding/Autonomous/model/data/bdd100k/train/00676,1107
1108,/mnt/HyperStorage_ntfs/Coding/Autonomous/model/data/bdd100k/train/00304,1108
1109,/mnt/HyperStorage_ntfs/Coding/Autonomous/model/data/bdd100k/train/00210,1109
1110,/mnt/HyperStorage_ntfs/Coding/Autonomous/model/data/bdd100k/train/00647,1110
1111,/mnt/HyperStorage_ntfs/Coding/Autonomous/model/data/bdd100k/train/00464,1111
1112,/mnt/HyperStorage_ntfs/Coding/Autonomous/model/data/bdd100k/train/00853,1112
1113,/mnt/HyperStorage_ntfs/Coding/Autonomous/model/data/bdd100k/train/00418,1113
1114,/mnt/HyperStorage_ntfs/Coding/Autonomous/model/data/bdd100k/train/00186,1114
1115,/mnt/HyperStorage_ntfs/Coding/Autonomous/model/data/bdd100k/train/00275,1115
1116,/mnt/HyperStorage_ntfs/Coding/Autonomous/model/data/bdd100k/train/00493,1116
1117,/mnt/HyperStorage_ntfs/Coding/Autonomous/model/data/bdd100k/train/01201,1117
1118,/mnt/HyperStorage_ntfs/Coding/Autonomous/model/data/bdd100k/train/01233,1118
1119,/mnt/HyperStorage_ntfs/Coding/Autonomous/model/data/bdd100k/train/00277,1119
1120,/mnt/HyperStorage_ntfs/Coding/Autonomous/model/data/bdd100k/train/01363,1120
1121,/mnt/HyperStorage_ntfs/Coding/Autonomous/model/data/bdd100k/train/01009,1121
1122,/mnt/HyperStorage_ntfs/Coding/Autonomous/model/data/bdd100k/train/01144,1122
1123,/mnt/HyperStorage_ntfs/Coding/Autonomous/model/data/bdd100k/train/00067,1123
1124,/mnt/HyperStorage_ntfs/Coding/Autonomous/model/data/bdd100k/train/00703,1124
1125,/mnt/HyperStorage_ntfs/Coding/Autonomous/model/data/bdd100k/train/01191,1125
1126,/mnt/HyperStorage_ntfs/Coding/Autonomous/model/data/bdd100k/train/00919,1126
1127,/mnt/HyperStorage_ntfs/Coding/Autonomous/model/data/bdd100k/train/00763,1127
1128,/mnt/HyperStorage_ntfs/Coding/Autonomous/model/data/bdd100k/train/01302,1128
1129,/mnt/HyperStorage_ntfs/Coding/Autonomous/model/data/bdd100k/train/00168,1129
1130,/mnt/HyperStorage_ntfs/Coding/Autonomous/model/data/bdd100k/train/00414,1130
1131,/mnt/HyperStorage_ntfs/Coding/Autonomous/model/data/bdd100k/train/00854,1131
1132,/mnt/HyperStorage_ntfs/Coding/Autonomous/model/data/bdd100k/train/00975,1132
1133,/mnt/HyperStorage_ntfs/Coding/Autonomous/model/data/bdd100k/train/00759,1133
1134,/mnt/HyperStorage_ntfs/Coding/Autonomous/model/data/bdd100k/train/00659,1134
1135,/mnt/HyperStorage_ntfs/Coding/Autonomous/model/data/bdd100k/train/00359,1135
1136,/mnt/HyperStorage_ntfs/Coding/Autonomous/model/data/bdd100k/train/01025,1136
1137,/mnt/HyperStorage_ntfs/Coding/Autonomous/model/data/bdd100k/train/00718,1137
1138,/mnt/HyperStorage_ntfs/Coding/Autonomous/model/data/bdd100k/train/01112,1138
1139,/mnt/HyperStorage_ntfs/Coding/Autonomous/model/data/bdd100k/train/00509,1139
1140,/mnt/HyperStorage_ntfs/Coding/Autonomous/model/data/bdd100k/train/00409,1140
1141,/mnt/HyperStorage_ntfs/Coding/Autonomous/model/data/bdd100k/train/00970,1141
1142,/mnt/HyperStorage_ntfs/Coding/Autonomous/model/data/bdd100k/train/00254,1142
1143,/mnt/HyperStorage_ntfs/Coding/Autonomous/model/data/bdd100k/train/00192,1143
1144,/mnt/HyperStorage_ntfs/Coding/Autonomous/model/data/bdd100k/train/00345,1144
1145,/mnt/HyperStorage_ntfs/Coding/Autonomous/model/data/bdd100k/train/00861,1145
1146,/mnt/HyperStorage_ntfs/Coding/Autonomous/model/data/bdd100k/train/01217,1146
1147,/mnt/HyperStorage_ntfs/Coding/Autonomous/model/data/bdd100k/train/00366,1147
1148,/mnt/HyperStorage_ntfs/Coding/Autonomous/model/data/bdd100k/train/00542,1148
1149,/mnt/HyperStorage_ntfs/Coding/Autonomous/model/data/bdd100k/train/00784,1149
1150,/mnt/HyperStorage_ntfs/Coding/Autonomous/model/data/bdd100k/train/01136,1150
1151,/mnt/HyperStorage_ntfs/Coding/Autonomous/model/data/bdd100k/train/00710,1151
1152,/mnt/HyperStorage_ntfs/Coding/Autonomous/model/data/bdd100k/train/00721,1152
1153,/mnt/HyperStorage_ntfs/Coding/Autonomous/model/data/bdd100k/train/00618,1153
1154,/mnt/HyperStorage_ntfs/Coding/Autonomous/model/data/bdd100k/train/00196,1154
1155,/mnt/HyperStorage_ntfs/Coding/Autonomous/model/data/bdd100k/train/00237,1155
1156,/mnt/HyperStorage_ntfs/Coding/Autonomous/model/data/bdd100k/train/00907,1156
1157,/mnt/HyperStorage_ntfs/Coding/Autonomous/model/data/bdd100k/train/01272,1157
1158,/mnt/HyperStorage_ntfs/Coding/Autonomous/model/data/bdd100k/train/00311,1158
1159,/mnt/HyperStorage_ntfs/Coding/Autonomous/model/data/bdd100k/train/00455,1159
1160,/mnt/HyperStorage_ntfs/Coding/Autonomous/model/data/bdd100k/train/00103,1160
1161,/mnt/HyperStorage_ntfs/Coding/Autonomous/model/data/bdd100k/train/00592,1161
1162,/mnt/HyperStorage_ntfs/Coding/Autonomous/model/data/bdd100k/train/00053,1162
1163,/mnt/HyperStorage_ntfs/Coding/Autonomous/model/data/bdd100k/train/01356,1163
1164,/mnt/HyperStorage_ntfs/Coding/Autonomous/model/data/bdd100k/train/00262,1164
1165,/mnt/HyperStorage_ntfs/Coding/Autonomous/model/data/bdd100k/train/00323,1165
1166,/mnt/HyperStorage_ntfs/Coding/Autonomous/model/data/bdd100k/train/00339,1166
1167,/mnt/HyperStorage_ntfs/Coding/Autonomous/model/data/bdd100k/train/01345,1167
1168,/mnt/HyperStorage_ntfs/Coding/Autonomous/model/data/bdd100k/train/01352,1168
1169,/mnt/HyperStorage_ntfs/Coding/Autonomous/model/data/bdd100k/train/00364,1169
1170,/mnt/HyperStorage_ntfs/Coding/Autonomous/model/data/bdd100k/train/01063,1170
1171,/mnt/HyperStorage_ntfs/Coding/Autonomous/model/data/bdd100k/train/01158,1171
1172,/mnt/HyperStorage_ntfs/Coding/Autonomous/model/data/bdd100k/train/00713,1172
1173,/mnt/HyperStorage_ntfs/Coding/Autonomous/model/data/bdd100k/train/01351,1173
1174,/mnt/HyperStorage_ntfs/Coding/Autonomous/model/data/bdd100k/train/00580,1174
1175,/mnt/HyperStorage_ntfs/Coding/Autonomous/model/data/bdd100k/train/00533,1175
1176,/mnt/HyperStorage_ntfs/Coding/Autonomous/model/data/bdd100k/train/00692,1176
1177,/mnt/HyperStorage_ntfs/Coding/Autonomous/model/data/bdd100k/train/00263,1177
1178,/mnt/HyperStorage_ntfs/Coding/Autonomous/model/data/bdd100k/train/00632,1178
1179,/mnt/HyperStorage_ntfs/Coding/Autonomous/model/data/bdd100k/train/00078,1179
1180,/mnt/HyperStorage_ntfs/Coding/Autonomous/model/data/bdd100k/train/00056,1180
1181,/mnt/HyperStorage_ntfs/Coding/Autonomous/model/data/bdd100k/train/01044,1181
1182,/mnt/HyperStorage_ntfs/Coding/Autonomous/model/data/bdd100k/train/00526,1182
1183,/mnt/HyperStorage_ntfs/Coding/Autonomous/model/data/bdd100k/train/00706,1183
1184,/mnt/HyperStorage_ntfs/Coding/Autonomous/model/data/bdd100k/train/00336,1184
1185,/mnt/HyperStorage_ntfs/Coding/Autonomous/model/data/bdd100k/train/01193,1185
1186,/mnt/HyperStorage_ntfs/Coding/Autonomous/model/data/bdd100k/train/00986,1186
1187,/mnt/HyperStorage_ntfs/Coding/Autonomous/model/data/bdd100k/train/01069,1187
1188,/mnt/HyperStorage_ntfs/Coding/Autonomous/model/data/bdd100k/train/01055,1188
1189,/mnt/HyperStorage_ntfs/Coding/Autonomous/model/data/bdd100k/train/01165,1189
1190,/mnt/HyperStorage_ntfs/Coding/Autonomous/model/data/bdd100k/train/00219,1190
1191,/mnt/HyperStorage_ntfs/Coding/Autonomous/model/data/bdd100k/train/00242,1191
1192,/mnt/HyperStorage_ntfs/Coding/Autonomous/model/data/bdd100k/train/01396,1192
1193,/mnt/HyperStorage_ntfs/Coding/Autonomous/model/data/bdd100k/train/00107,1193
1194,/mnt/HyperStorage_ntfs/Coding/Autonomous/model/data/bdd100k/train/01367,1194
1195,/mnt/HyperStorage_ntfs/Coding/Autonomous/model/data/bdd100k/train/00998,1195
1196,/mnt/HyperStorage_ntfs/Coding/Autonomous/model/data/bdd100k/train/00766,1196
1197,/mnt/HyperStorage_ntfs/Coding/Autonomous/model/data/bdd100k/train/00071,1197
1198,/mnt/HyperStorage_ntfs/Coding/Autonomous/model/data/bdd100k/train/00885,1198
1199,/mnt/HyperStorage_ntfs/Coding/Autonomous/model/data/bdd100k/train/00808,1199
1200,/mnt/HyperStorage_ntfs/Coding/Autonomous/model/data/bdd100k/train/00652,1200
1201,/mnt/HyperStorage_ntfs/Coding/Autonomous/model/data/bdd100k/train/01075,1201
1202,/mnt/HyperStorage_ntfs/Coding/Autonomous/model/data/bdd100k/train/00373,1202
1203,/mnt/HyperStorage_ntfs/Coding/Autonomous/model/data/bdd100k/train/00460,1203
1204,/mnt/HyperStorage_ntfs/Coding/Autonomous/model/data/bdd100k/train/00018,1204
1205,/mnt/HyperStorage_ntfs/Coding/Autonomous/model/data/bdd100k/train/00371,1205
1206,/mnt/HyperStorage_ntfs/Coding/Autonomous/model/data/bdd100k/train/00466,1206
1207,/mnt/HyperStorage_ntfs/Coding/Autonomous/model/data/bdd100k/train/00421,1207
1208,/mnt/HyperStorage_ntfs/Coding/Autonomous/model/data/bdd100k/train/00835,1208
1209,/mnt/HyperStorage_ntfs/Coding/Autonomous/model/data/bdd100k/train/00507,1209
1210,/mnt/HyperStorage_ntfs/Coding/Autonomous/model/data/bdd100k/train/00674,1210
1211,/mnt/HyperStorage_ntfs/Coding/Autonomous/model/data/bdd100k/train/00639,1211
1212,/mnt/HyperStorage_ntfs/Coding/Autonomous/model/data/bdd100k/train/00284,1212
1213,/mnt/HyperStorage_ntfs/Coding/Autonomous/model/data/bdd100k/train/01296,1213
1214,/mnt/HyperStorage_ntfs/Coding/Autonomous/model/data/bdd100k/train/01349,1214
1215,/mnt/HyperStorage_ntfs/Coding/Autonomous/model/data/bdd100k/train/00124,1215
1216,/mnt/HyperStorage_ntfs/Coding/Autonomous/model/data/bdd100k/train/00435,1216
1217,/mnt/HyperStorage_ntfs/Coding/Autonomous/model/data/bdd100k/train/00436,1217
1218,/mnt/HyperStorage_ntfs/Coding/Autonomous/model/data/bdd100k/train/00498,1218
1219,/mnt/HyperStorage_ntfs/Coding/Autonomous/model/data/bdd100k/train/00909,1219
1220,/mnt/HyperStorage_ntfs/Coding/Autonomous/model/data/bdd100k/train/01383,1220
1221,/mnt/HyperStorage_ntfs/Coding/Autonomous/model/data/bdd100k/train/01249,1221
1222,/mnt/HyperStorage_ntfs/Coding/Autonomous/model/data/bdd100k/train/01095,1222
1223,/mnt/HyperStorage_ntfs/Coding/Autonomous/model/data/bdd100k/train/00294,1223
1224,/mnt/HyperStorage_ntfs/Coding/Autonomous/model/data/bdd100k/train/00491,1224
1225,/mnt/HyperStorage_ntfs/Coding/Autonomous/model/data/bdd100k/train/00956,1225
1226,/mnt/HyperStorage_ntfs/Coding/Autonomous/model/data/bdd100k/train/01365,1226
1227,/mnt/HyperStorage_ntfs/Coding/Autonomous/model/data/bdd100k/train/00434,1227
1228,/mnt/HyperStorage_ntfs/Coding/Autonomous/model/data/bdd100k/train/00416,1228
1229,/mnt/HyperStorage_ntfs/Coding/Autonomous/model/data/bdd100k/train/01108,1229
1230,/mnt/HyperStorage_ntfs/Coding/Autonomous/model/data/bdd100k/train/01335,1230
1231,/mnt/HyperStorage_ntfs/Coding/Autonomous/model/data/bdd100k/train/00126,1231
1232,/mnt/HyperStorage_ntfs/Coding/Autonomous/model/data/bdd100k/train/01148,1232
1233,/mnt/HyperStorage_ntfs/Coding/Autonomous/model/data/bdd100k/train/00837,1233
1234,/mnt/HyperStorage_ntfs/Coding/Autonomous/model/data/bdd100k/train/00669,1234
1235,/mnt/HyperStorage_ntfs/Coding/Autonomous/model/data/bdd100k/train/00337,1235
1236,/mnt/HyperStorage_ntfs/Coding/Autonomous/model/data/bdd100k/train/00677,1236
1237,/mnt/HyperStorage_ntfs/Coding/Autonomous/model/data/bdd100k/train/01398,1237
1238,/mnt/HyperStorage_ntfs/Coding/Autonomous/model/data/bdd100k/train/01289,1238
1239,/mnt/HyperStorage_ntfs/Coding/Autonomous/model/data/bdd100k/train/00312,1239
1240,/mnt/HyperStorage_ntfs/Coding/Autonomous/model/data/bdd100k/train/00340,1240
1241,/mnt/HyperStorage_ntfs/Coding/Autonomous/model/data/bdd100k/train/01109,1241
1242,/mnt/HyperStorage_ntfs/Coding/Autonomous/model/data/bdd100k/train/00354,1242
1243,/mnt/HyperStorage_ntfs/Coding/Autonomous/model/data/bdd100k/train/00217,1243
1244,/mnt/HyperStorage_ntfs/Coding/Autonomous/model/data/bdd100k/train/01017,1244
1245,/mnt/HyperStorage_ntfs/Coding/Autonomous/model/data/bdd100k/train/00714,1245
1246,/mnt/HyperStorage_ntfs/Coding/Autonomous/model/data/bdd100k/train/00583,1246
1247,/mnt/HyperStorage_ntfs/Coding/Autonomous/model/data/bdd100k/train/01000,1247
1248,/mnt/HyperStorage_ntfs/Coding/Autonomous/model/data/bdd100k/train/00660,1248
1249,/mnt/HyperStorage_ntfs/Coding/Autonomous/model/data/bdd100k/train/00133,1249
1250,/mnt/HyperStorage_ntfs/Coding/Autonomous/model/data/bdd100k/train/01083,1250
1251,/mnt/HyperStorage_ntfs/Coding/Autonomous/model/data/bdd100k/train/00105,1251
1252,/mnt/HyperStorage_ntfs/Coding/Autonomous/model/data/bdd100k/train/00461,1252
1253,/mnt/HyperStorage_ntfs/Coding/Autonomous/model/data/bdd100k/train/00088,1253
1254,/mnt/HyperStorage_ntfs/Coding/Autonomous/model/data/bdd100k/train/01043,1254
1255,/mnt/HyperStorage_ntfs/Coding/Autonomous/model/data/bdd100k/train/01287,1255
1256,/mnt/HyperStorage_ntfs/Coding/Autonomous/model/data/bdd100k/train/01079,1256
1257,/mnt/HyperStorage_ntfs/Coding/Autonomous/model/data/bdd100k/train/01250,1257
1258,/mnt/HyperStorage_ntfs/Coding/Autonomous/model/data/bdd100k/train/01080,1258
1259,/mnt/HyperStorage_ntfs/Coding/Autonomous/model/data/bdd100k/train/00746,1259
1260,/mnt/HyperStorage_ntfs/Coding/Autonomous/model/data/bdd100k/train/00280,1260
1261,/mnt/HyperStorage_ntfs/Coding/Autonomous/model/data/bdd100k/train/00393,1261
1262,/mnt/HyperStorage_ntfs/Coding/Autonomous/model/data/bdd100k/train/00144,1262
1263,/mnt/HyperStorage_ntfs/Coding/Autonomous/model/data/bdd100k/train/00243,1263
1264,/mnt/HyperStorage_ntfs/Coding/Autonomous/model/data/bdd100k/train/00858,1264
1265,/mnt/HyperStorage_ntfs/Coding/Autonomous/model/data/bdd100k/train/00873,1265
1266,/mnt/HyperStorage_ntfs/Coding/Autonomous/model/data/bdd100k/train/00258,1266
1267,/mnt/HyperStorage_ntfs/Coding/Autonomous/model/data/bdd100k/train/00382,1267
1268,/mnt/HyperStorage_ntfs/Coding/Autonomous/model/data/bdd100k/train/00408,1268
1269,/mnt/HyperStorage_ntfs/Coding/Autonomous/model/data/bdd100k/train/01358,1269
1270,/mnt/HyperStorage_ntfs/Coding/Autonomous/model/data/bdd100k/train/00870,1270
1271,/mnt/HyperStorage_ntfs/Coding/Autonomous/model/data/bdd100k/train/00816,1271
1272,/mnt/HyperStorage_ntfs/Coding/Autonomous/model/data/bdd100k/train/00185,1272
1273,/mnt/HyperStorage_ntfs/Coding/Autonomous/model/data/bdd100k/train/00722,1273
1274,/mnt/HyperStorage_ntfs/Coding/Autonomous/model/data/bdd100k/train/01306,1274
1275,/mnt/HyperStorage_ntfs/Coding/Autonomous/model/data/bdd100k/train/01134,1275
1276,/mnt/HyperStorage_ntfs/Coding/Autonomous/model/data/bdd100k/train/01342,1276
1277,/mnt/HyperStorage_ntfs/Coding/Autonomous/model/data/bdd100k/train/00343,1277
1278,/mnt/HyperStorage_ntfs/Coding/Autonomous/model/data/bdd100k/train/00609,1278
1279,/mnt/HyperStorage_ntfs/Coding/Autonomous/model/data/bdd100k/train/00357,1279
1280,/mnt/HyperStorage_ntfs/Coding/Autonomous/model/data/bdd100k/train/01303,1280
1281,/mnt/HyperStorage_ntfs/Coding/Autonomous/model/data/bdd100k/train/01038,1281
1282,/mnt/HyperStorage_ntfs/Coding/Autonomous/model/data/bdd100k/train/00773,1282
1283,/mnt/HyperStorage_ntfs/Coding/Autonomous/model/data/bdd100k/train/00361,1283
1284,/mnt/HyperStorage_ntfs/Coding/Autonomous/model/data/bdd100k/train/00342,1284
1285,/mnt/HyperStorage_ntfs/Coding/Autonomous/model/data/bdd100k/train/00310,1285
1286,/mnt/HyperStorage_ntfs/Coding/Autonomous/model/data/bdd100k/train/00598,1286
1287,/mnt/HyperStorage_ntfs/Coding/Autonomous/model/data/bdd100k/train/00748,1287
1288,/mnt/HyperStorage_ntfs/Coding/Autonomous/model/data/bdd100k/train/00781,1288
1289,/mnt/HyperStorage_ntfs/Coding/Autonomous/model/data/bdd100k/train/01344,1289
1290,/mnt/HyperStorage_ntfs/Coding/Autonomous/model/data/bdd100k/train/01097,1290
1291,/mnt/HyperStorage_ntfs/Coding/Autonomous/model/data/bdd100k/train/01039,1291
1292,/mnt/HyperStorage_ntfs/Coding/Autonomous/model/data/bdd100k/train/00148,1292
1293,/mnt/HyperStorage_ntfs/Coding/Autonomous/model/data/bdd100k/train/00024,1293
1294,/mnt/HyperStorage_ntfs/Coding/Autonomous/model/data/bdd100k/train/01082,1294
1295,/mnt/HyperStorage_ntfs/Coding/Autonomous/model/data/bdd100k/train/01053,1295
1296,/mnt/HyperStorage_ntfs/Coding/Autonomous/model/data/bdd100k/train/01209,1296
1297,/mnt/HyperStorage_ntfs/Coding/Autonomous/model/data/bdd100k/train/01275,1297
1298,/mnt/HyperStorage_ntfs/Coding/Autonomous/model/data/bdd100k/train/00162,1298
1299,/mnt/HyperStorage_ntfs/Coding/Autonomous/model/data/bdd100k/train/01113,1299
1300,/mnt/HyperStorage_ntfs/Coding/Autonomous/model/data/bdd100k/train/00224,1300
1301,/mnt/HyperStorage_ntfs/Coding/Autonomous/model/data/bdd100k/train/01330,1301
1302,/mnt/HyperStorage_ntfs/Coding/Autonomous/model/data/bdd100k/train/00125,1302
1303,/mnt/HyperStorage_ntfs/Coding/Autonomous/model/data/bdd100k/train/01077,1303
1304,/mnt/HyperStorage_ntfs/Coding/Autonomous/model/data/bdd100k/train/00547,1304
1305,/mnt/HyperStorage_ntfs/Coding/Autonomous/model/data/bdd100k/train/00227,1305
1306,/mnt/HyperStorage_ntfs/Coding/Autonomous/model/data/bdd100k/train/00253,1306
1307,/mnt/HyperStorage_ntfs/Coding/Autonomous/model/data/bdd100k/train/01246,1307
1308,/mnt/HyperStorage_ntfs/Coding/Autonomous/model/data/bdd100k/train/01341,1308
1309,/mnt/HyperStorage_ntfs/Coding/Autonomous/model/data/bdd100k/train/01370,1309
1310,/mnt/HyperStorage_ntfs/Coding/Autonomous/model/data/bdd100k/train/01375,1310
1311,/mnt/HyperStorage_ntfs/Coding/Autonomous/model/data/bdd100k/train/01189,1311
1312,/mnt/HyperStorage_ntfs/Coding/Autonomous/model/data/bdd100k/train/00388,1312
1313,/mnt/HyperStorage_ntfs/Coding/Autonomous/model/data/bdd100k/train/00737,1313
1314,/mnt/HyperStorage_ntfs/Coding/Autonomous/model/data/bdd100k/train/00057,1314
1315,/mnt/HyperStorage_ntfs/Coding/Autonomous/model/data/bdd100k/train/00346,1315
1316,/mnt/HyperStorage_ntfs/Coding/Autonomous/model/data/bdd100k/train/01319,1316
1317,/mnt/HyperStorage_ntfs/Coding/Autonomous/model/data/bdd100k/train/00860,1317
1318,/mnt/HyperStorage_ntfs/Coding/Autonomous/model/data/bdd100k/train/00017,1318
1319,/mnt/HyperStorage_ntfs/Coding/Autonomous/model/data/bdd100k/train/00300,1319
1320,/mnt/HyperStorage_ntfs/Coding/Autonomous/model/data/bdd100k/train/01337,1320
1321,/mnt/HyperStorage_ntfs/Coding/Autonomous/model/data/bdd100k/train/01187,1321
1322,/mnt/HyperStorage_ntfs/Coding/Autonomous/model/data/bdd100k/train/00841,1322
1323,/mnt/HyperStorage_ntfs/Coding/Autonomous/model/data/bdd100k/train/00458,1323
1324,/mnt/HyperStorage_ntfs/Coding/Autonomous/model/data/bdd100k/train/00959,1324
1325,/mnt/HyperStorage_ntfs/Coding/Autonomous/model/data/bdd100k/train/01051,1325
1326,/mnt/HyperStorage_ntfs/Coding/Autonomous/model/data/bdd100k/train/00743,1326
1327,/mnt/HyperStorage_ntfs/Coding/Autonomous/model/data/bdd100k/train/00142,1327
1328,/mnt/HyperStorage_ntfs/Coding/Autonomous/model/data/bdd100k/train/00286,1328
1329,/mnt/HyperStorage_ntfs/Coding/Autonomous/model/data/bdd100k/train/01214,1329
1330,/mnt/HyperStorage_ntfs/Coding/Autonomous/model/data/bdd100k/train/00958,1330
1331,/mnt/HyperStorage_ntfs/Coding/Autonomous/model/data/bdd100k/train/01161,1331
1332,/mnt/HyperStorage_ntfs/Coding/Autonomous/model/data/bdd100k/train/00501,1332
1333,/mnt/HyperStorage_ntfs/Coding/Autonomous/model/data/bdd100k/train/00574,1333
1334,/mnt/HyperStorage_ntfs/Coding/Autonomous/model/data/bdd100k/train/00026,1334
1335,/mnt/HyperStorage_ntfs/Coding/Autonomous/model/data/bdd100k/train/00603,1335
1336,/mnt/HyperStorage_ntfs/Coding/Autonomous/model/data/bdd100k/train/00250,1336
1337,/mnt/HyperStorage_ntfs/Coding/Autonomous/model/data/bdd100k/train/00313,1337
1338,/mnt/HyperStorage_ntfs/Coding/Autonomous/model/data/bdd100k/train/01031,1338
1339,/mnt/HyperStorage_ntfs/Coding/Autonomous/model/data/bdd100k/train/00298,1339
1340,/mnt/HyperStorage_ntfs/Coding/Autonomous/model/data/bdd100k/train/00720,1340
1341,/mnt/HyperStorage_ntfs/Coding/Autonomous/model/data/bdd100k/train/00467,1341
1342,/mnt/HyperStorage_ntfs/Coding/Autonomous/model/data/bdd100k/train/00010,1342
1343,/mnt/HyperStorage_ntfs/Coding/Autonomous/model/data/bdd100k/train/00246,1343
1344,/mnt/HyperStorage_ntfs/Coding/Autonomous/model/data/bdd100k/train/00027,1344
1345,/mnt/HyperStorage_ntfs/Coding/Autonomous/model/data/bdd100k/train/01086,1345
1346,/mnt/HyperStorage_ntfs/Coding/Autonomous/model/data/bdd100k/train/00358,1346
1347,/mnt/HyperStorage_ntfs/Coding/Autonomous/model/data/bdd100k/train/00596,1347
1348,/mnt/HyperStorage_ntfs/Coding/Autonomous/model/data/bdd100k/train/00939,1348
1349,/mnt/HyperStorage_ntfs/Coding/Autonomous/model/data/bdd100k/train/00248,1349
1350,/mnt/HyperStorage_ntfs/Coding/Autonomous/model/data/bdd100k/train/00173,1350
1351,/mnt/HyperStorage_ntfs/Coding/Autonomous/model/data/bdd100k/train/01107,1351
1352,/mnt/HyperStorage_ntfs/Coding/Autonomous/model/data/bdd100k/train/00004,1352
1353,/mnt/HyperStorage_ntfs/Coding/Autonomous/model/data/bdd100k/train/01241,1353
1354,/mnt/HyperStorage_ntfs/Coding/Autonomous/model/data/bdd100k/train/01339,1354
1355,/mnt/HyperStorage_ntfs/Coding/Autonomous/model/data/bdd100k/train/01171,1355
1356,/mnt/HyperStorage_ntfs/Coding/Autonomous/model/data/bdd100k/train/00315,1356
1357,/mnt/HyperStorage_ntfs/Coding/Autonomous/model/data/bdd100k/train/00468,1357
1358,/mnt/HyperStorage_ntfs/Coding/Autonomous/model/data/bdd100k/train/00798,1358
1359,/mnt/HyperStorage_ntfs/Coding/Autonomous/model/data/bdd100k/train/00128,1359
1360,/mnt/HyperStorage_ntfs/Coding/Autonomous/model/data/bdd100k/train/00193,1360
1361,/mnt/HyperStorage_ntfs/Coding/Autonomous/model/data/bdd100k/train/00988,1361
1362,/mnt/HyperStorage_ntfs/Coding/Autonomous/model/data/bdd100k/train/01282,1362
1363,/mnt/HyperStorage_ntfs/Coding/Autonomous/model/data/bdd100k/train/01154,1363
1364,/mnt/HyperStorage_ntfs/Coding/Autonomous/model/data/bdd100k/train/00539,1364
1365,/mnt/HyperStorage_ntfs/Coding/Autonomous/model/data/bdd100k/train/00377,1365
1366,/mnt/HyperStorage_ntfs/Coding/Autonomous/model/data/bdd100k/train/00231,1366
1367,/mnt/HyperStorage_ntfs/Coding/Autonomous/model/data/bdd100k/train/01141,1367
1368,/mnt/HyperStorage_ntfs/Coding/Autonomous/model/data/bdd100k/train/00543,1368
1369,/mnt/HyperStorage_ntfs/Coding/Autonomous/model/data/bdd100k/train/00257,1369
1370,/mnt/HyperStorage_ntfs/Coding/Autonomous/model/data/bdd100k/train/00386,1370
1371,/mnt/HyperStorage_ntfs/Coding/Autonomous/model/data/bdd100k/train/00823,1371
1372,/mnt/HyperStorage_ntfs/Coding/Autonomous/model/data/bdd100k/train/00328,1372
1373,/mnt/HyperStorage_ntfs/Coding/Autonomous/model/data/bdd100k/train/00492,1373
1374,/mnt/HyperStorage_ntfs/Coding/Autonomous/model/data/bdd100k/train/00145,1374
1375,/mnt/HyperStorage_ntfs/Coding/Autonomous/model/data/bdd100k/train/01297,1375
1376,/mnt/HyperStorage_ntfs/Coding/Autonomous/model/data/bdd100k/train/00459,1376
1377,/mnt/HyperStorage_ntfs/Coding/Autonomous/model/data/bdd100k/train/00898,1377
1378,/mnt/HyperStorage_ntfs/Coding/Autonomous/model/data/bdd100k/train/00619,1378
1379,/mnt/HyperStorage_ntfs/Coding/Autonomous/model/data/bdd100k/train/01040,1379
1380,/mnt/HyperStorage_ntfs/Coding/Autonomous/model/data/bdd100k/train/00876,1380
1381,/mnt/HyperStorage_ntfs/Coding/Autonomous/model/data/bdd100k/train/01256,1381
1382,/mnt/HyperStorage_ntfs/Coding/Autonomous/model/data/bdd100k/train/00914,1382
1383,/mnt/HyperStorage_ntfs/Coding/Autonomous/model/data/bdd100k/train/00256,1383
1384,/mnt/HyperStorage_ntfs/Coding/Autonomous/model/data/bdd100k/train/01034,1384
1385,/mnt/HyperStorage_ntfs/Coding/Autonomous/model/data/bdd100k/train/01340,1385
1386,/mnt/HyperStorage_ntfs/Coding/Autonomous/model/data/bdd100k/train/00050,1386
1387,/mnt/HyperStorage_ntfs/Coding/Autonomous/model/data/bdd100k/train/00623,1387
1388,/mnt/HyperStorage_ntfs/Coding/Autonomous/model/data/bdd100k/train/00700,1388
1389,/mnt/HyperStorage_ntfs/Coding/Autonomous/model/data/bdd100k/train/00789,1389
1390,/mnt/HyperStorage_ntfs/Coding/Autonomous/model/data/bdd100k/train/00899,1390
1391,/mnt/HyperStorage_ntfs/Coding/Autonomous/model/data/bdd100k/train/00114,1391
1392,/mnt/HyperStorage_ntfs/Coding/Autonomous/model/data/bdd100k/train/00524,1392
1393,/mnt/HyperStorage_ntfs/Coding/Autonomous/model/data/bdd100k/train/01140,1393
1394,/mnt/HyperStorage_ntfs/Coding/Autonomous/model/data/bdd100k/train/01371,1394
1395,/mnt/HyperStorage_ntfs/Coding/Autonomous/model/data/bdd100k/train/01208,1395
1396,/mnt/HyperStorage_ntfs/Coding/Autonomous/model/data/bdd100k/train/00591,1396
1397,/mnt/HyperStorage_ntfs/Coding/Autonomous/model/data/bdd100k/train/01271,1397
1398,/mnt/HyperStorage_ntfs/Coding/Autonomous/model/data/bdd100k/train/01195,1398
1399,/mnt/HyperStorage_ntfs/Coding/Autonomous/model/data/bdd100k/train/00225,1399
